date,00,01,02,03,04,05,06,07,08,09,10,11,12,13,14,15,16,17,18,19,20,21,22,23
01.01.2025,669.81,833.88,1049.29,1213.82,687.22,839.46,1341.13,1953.0,1627.44,1642.4,2090.92,1710.22,1215.04,1435.49,1679.86,1180.73,1212.57,1775.77,2362.65,1691.24,2482.97,2372.46,1505.97,869.79
02.01.2025,1002.73,888.09,1295.61,1012.53,1332.75,1162.4,1704.07,2699.2,2203.08,2478.12,2680.57,2139.14,2081.75,1182.94,1686.88,1829.62,2291.61,2872.46,3813.91,2855.56,3080.22,2843.31,1839.94,1117.56
03.01.2025,1132.58,1166.42,704.16,1300.21,1410.95,1371.28,1892.84,3185.88,3376.95,2584.58,2813.21,1967.59,2745.7,2127.43,2218.58,1893.2,1914.15,3018.1,2172.98,2371.0,3533.67,2095.43,1790.65,1265.6
04.01.2025,967.66,995.32,894.68,702.43,981.08,984.58,964.83,1535.44,2243.16,2282.13,1755.76,1863.82,1390.21,1272.31,1490.46,1713.6,1680.21,2095.11,2368.8,2024.96,1773.63,1515.38,1514.56,798.53
05.01.2025,911.98,564.97,996.99,831.72,921.04,811.09,1185.78,1768.94,1863.27,1870.44,1562.07,1393.72,1434.19,1145.64,1394.11,1540.27,1113.4,2383.11,1870.4,2287.85,2350.04,2798.79,1324.5,876.29
06.01.2025,1391.98,1150.84,1233.04,1047.42,1002.94,1058.06,1577.89,3273.05,2327.47,3085.97,3134.72,2130.91,1568.78,1685.29,2043.25,1482.5,1799.2,3126.92,3137.79,2495.2,3005.55,2516.58,2473.5,960.94
07.01.2025,527.08,647.24,869.12,1176.44,700.73,844.89,1314.67,2315.13,1633.04,1566.94,1842.06,1568.92,1424.18,1403.04,1348.56,1294.16,1238.48,1964.1,2005.89,1984.98,2362.57,2209.65,1572.12,700.68
08.01.2025,890.95,1041.64,1104.19,1024.92,1067.11,1074.05,2174.05,2922.97,2916.52,2613.46,2415.14,3379.17,2007.44,2231.16,1839.36,1939.68,1966.58,2603.0,2537.68,2796.67,2554.47,3272.87,1439.76,1284.4
09.01.2025,1288.16,1413.48,1477.45,1150.05,1347.4,1187.02,1791.28,2703.48,2419.75,2187.02,2173.64,2006.65,2162.98,1836.58,1836.89,1725.97,2130.48,2756.34,3027.38,2803.59,2657.41,2172.16,2354.55,1075.96
10.01.2025,959.56,1161.1,1015.83,1224.33,1340.28,1341.87,1408.52,2342.98,2549.2,2546.58,3717.69,1858.75,2190.32,1810.14,1972.85,2110.64,1733.45,2518.96,1543.74,2808.49,3063.03,2204.96,1979.39,1306.66
11.01.2025,940.87,827.54,723.17,917.6,620.24,928.46,1744.01,1814.36,2070.98,2425.13,2073.37,1596.93,1146.38,1370.68,1473.29,1686.9,1292.4,2279.96,2150.03,1730.2,1693.49,1796.95,1302.93,828.88
12.01.2025,531.39,890.51,925.85,722.14,922.38,683.99,1269.02,2612.8,2070.47,2071.67,1985.33,1855.96,1659.17,1648.93,1339.79,1306.53,1265.58,2267.45,1627.53,1876.44,2026.74,1931.8,1430.26,747.6
13.01.2025,1210.87,5940.85,4499.64,1199.66,1122.48,993.36,2199.65,2245.66,2520.72,2864.37,3669.41,1815.04,1925.23,2326.65,2255.0,1956.73,2406.76,2772.59,2801.72,2767.55,2116.07,2909.87,1331.35,1276.88
14.01.2025,1311.48,1105.49,1151.28,1309.65,1183.16,1553.84,1911.57,3120.83,3072.63,2756.4,2666.16,2213.91,1886.0,1757.5,2367.56,1991.73,1969.65,3085.78,2868.88,2941.51,2981.09,2897.75,2142.08,1458.45
15.01.2025,1190.23,1045.57,831.39,948.66,1037.1,743.33,2346.22,3639.34,3347.76,2483.26,2256.69,1968.0,1858.16,1972.36,2268.3,2497.84,2162.95,3024.66,3389.68,3184.94,2894.0,2734.93,1705.91,1218.31
16.01.2025,1212.95,796.22,1054.39,1046.75,1218.27,1022.14,1761.45,3114.93,2419.89,2955.63,2910.51,2223.85,2022.39,1563.05,1987.29,2152.47,2062.29,3363.49,2478.23,2855.29,2701.93,2884.16,2125.85,1211.76
17.01.2025,1044.59,1187.26,1065.19,1157.55,1160.76,1203.87,1563.98,3089.01,2879.67,2384.41,3213.7,2195.06,1518.89,1418.48,1845.05,1981.69,1756.16,2412.95,2392.35,2943.71,2959.11,3400.54,1952.72,897.67
18.01.2025,926.13,737.65,841.87,850.61,852.28,675.79,1612.16,1605.29,1743.16,2389.45,2006.91,1278.43,1476.29,1536.42,1004.72,1280.07,1789.77,2074.92,2130.82,1992.35,2177.93,2371.74,1170.73,943.35
19.01.2025,898.1,904.53,774.66,790.35,671.67,798.62,1648.01,2180.85,1623.58,2213.2,2144.72,1370.03,1279.5,1235.22,1317.63,967.87,1624.45,2265.47,2091.86,2256.98,1752.37,2052.21,1278.92,1109.22
20.01.2025,750.24,1070.48,1142.04,889.57,947.86,1260.33,1836.81,2390.69,1910.08,2085.31,2440.06,2088.1,1892.68,1568.27,1824.11,1305.31,1491.22,3394.75,2981.61,3225.67,2588.84,2912.54,1657.3,918.06
21.01.2025,1404.02,942.31,1485.73,1205.59,1285.15,1150.47,1473.77,3143.41,2147.71,3114.4,3190.98,2094.31,1653.54,2042.55,1499.31,1930.04,1317.87,3182.43,3404.71,2454.32,2873.91,2426.28,2390.2,931.7
22.01.2025,1058.08,1481.2,1204.12,1463.89,807.74,923.76,2098.92,2699.76,2720.39,2995.83,2639.03,1410.54,1763.54,2138.4,1857.7,1429.25,2129.25,2884.14,3665.36,2322.92,2888.56,2808.96,2061.19,1168.59
23.01.2025,1050.61,985.28,1172.86,956.97,1239.51,1094.42,1669.16,2228.05,2893.37,2597.5,2364.26,1796.61,1732.88,2093.6,1988.86,1802.6,2027.72,2325.92,3392.52,3190.58,2237.75,2411.17,1668.11,1410.82
24.01.2025,834.02,1054.76,961.43,1157.0,1138.52,1155.15,1596.87,2645.59,2372.44,3352.89,2510.42,1978.08,1831.76,2456.2,1436.49,2111.42,1544.43,2646.31,3059.35,2785.6,2897.53,3993.89,2000.71,1257.13
25.01.2025,1157.87,1034.39,1037.34,706.32,969.33,734.27,1353.82,1237.83,1839.81,1902.08,2062.55,1545.58,1581.2,1339.46,1439.49,1400.64,1911.97,2089.76,2130.42,2093.68,1938.36,1760.84,1235.35,1060.93
26.01.2025,930.71,857.51,846.58,963.53,981.13,782.39,1528.23,2227.59,1647.27,1923.18,2259.09,1729.67,1205.39,1460.92,1003.26,1722.95,1406.44,2534.75,2079.51,2519.18,2444.41,1887.48,1262.16,1087.82
27.01.2025,1292.88,1061.59,879.19,3478.06,718.38,4737.6,2121.34,2593.99,2971.06,2924.35,2615.71,1632.22,1678.37,1897.06,2231.77,1465.18,1981.73,2822.34,2880.52,3389.52,2255.07,2747.6,1992.45,892.16
28.01.2025,1201.74,1465.99,1185.15,1468.64,1153.02,991.17,2367.34,2929.39,2097.81,3147.3,2494.88,2367.21,1731.61,2124.44,2217.82,1641.89,2314.48,2715.99,3303.29,2320.26,3329.2,2304.46,1823.55,978.26
29.01.2025,1312.04,1166.97,1013.79,1395.26,1078.45,5518.61,1738.44,2195.17,2530.16,2352.57,2453.56,1753.52,1938.41,2128.15,1748.61,2224.64,1511.46,2583.22,3020.86,2760.66,3319.35,2542.38,1396.07,1263.09
30.01.2025,1244.7,865.25,1266.84,1406.38,997.92,969.8,2195.3,2757.2,4817.29,2425.43,2679.4,1984.94,1760.13,1297.28,2117.75,2096.81,2029.91,3642.07,2724.32,3203.77,2647.1,3207.96,1673.7,895.76
31.01.2025,1009.42,1052.25,1014.73,1147.11,1063.3,1254.95,1759.3,3364.36,3026.18,3143.6,2375.57,2195.51,2101.84,1798.28,1703.57,1558.09,2295.63,2932.12,2021.1,2494.74,2975.52,2025.04,1798.91,886.8
01.02.2025,592.49,530.45,597.69,892.97,687.33,758.39,1243.54,1773.33,1177.64,1507.31,1390.05,1200.48,1158.54,1102.42,816.49,1170.91,1500.92,1742.04,1531.44,1739.65,1642.59,1401.77,925.41,767.6
02.02.2025,811.15,689.51,751.12,425.91,537.97,738.38,937.89,1149.8,1545.59,1489.62,1584.83,854.2,895.44,983.0,1502.04,938.49,882.89,1789.64,1562.39,1615.07,1893.75,1558.94,1013.83,787.24
03.02.2025,916.55,790.64,852.7,1134.53,868.37,1112.94,1422.9,1815.48,1991.94,1542.59,1753.54,1685.13,1541.09,1681.46,1709.99,1534.81,1580.34,2098.74,1380.4,1766.66,2400.15,2166.94,1485.68,1062.39
04.02.2025,856.75,913.04,1120.28,858.0,783.74,781.0,1540.26,2100.2,2258.44,2071.11,2346.22,1959.27,1363.48,1397.91,1425.72,1941.36,1321.58,2510.63,1505.39,2280.45,2268.57,2573.25,1914.08,751.41
05.02.2025,1070.71,997.0,865.67,911.85,1202.88,1117.02,1559.61,1501.82,1958.6,1973.0,2477.35,1357.96,1447.43,1450.21,1500.01,1749.92,1526.09,2333.15,1827.8,2128.83,1699.66,2140.59,1458.19,906.73
06.02.2025,870.57,1055.82,913.68,922.43,920.11,919.61,1597.04,2364.28,2094.33,1639.52,2139.0,1314.97,1872.95,1458.5,1427.34,1501.1,1419.72,2414.66,2439.79,2034.0,1819.78,1908.53,1291.91,904.48
07.02.2025,759.51,837.84,947.69,958.15,852.67,947.71,1182.43,2158.76,4253.35,1586.04,1839.72,1553.4,1785.24,1447.59,1781.72,1306.48,1356.16,2301.08,1969.49,2254.5,2399.3,2509.31,1845.28,971.5
08.02.2025,493.71,616.52,471.46,731.96,761.16,420.35,1256.55,1243.06,1148.47,2076.96,2234.09,1176.89,1517.81,1416.15,982.04,996.06,1048.46,1749.83,1988.23,1833.0,1661.35,2041.36,1170.17,424.97
09.02.2025,592.49,481.39,803.16,818.76,598.06,905.91,974.78,1892.01,1518.62,1387.77,1733.14,1095.65,1060.86,1075.74,1063.74,1312.98,1489.76,2046.21,1569.08,1399.36,1643.87,2068.63,1362.62,567.76
10.02.2025,795.55,901.25,818.65,1176.52,930.09,824.59,1320.98,2253.12,2447.95,2177.91,2142.08,1400.31,1096.64,1048.11,1545.27,1892.06,1348.47,2574.35,3115.49,2185.26,1896.71,2226.29,1360.9,732.64
11.02.2025,818.47,769.26,756.62,984.79,852.12,1137.66,1618.85,1909.83,2338.64,2415.3,2009.89,1848.25,1778.4,1351.6,1260.88,1900.88,1516.15,2111.45,2184.82,2548.6,2460.2,2005.69,1508.52,1054.85
12.02.2025,861.33,714.48,952.95,1050.0,1013.51,606.45,1349.76,1954.53,2405.71,2362.48,2191.87,1344.83,1214.62,1414.26,1468.57,1693.8,1603.15,1706.93,1753.84,2267.69,1594.7,2517.31,1402.55,1003.83
13.02.2025,1048.62,1100.67,723.29,869.86,957.33,883.58,1810.68,2329.33,2030.19,2391.04,1977.5,1356.82,1175.39,1209.89,1349.84,1289.71,2064.48,1976.46,1896.59,2799.31,2235.18,2503.25,1854.08,754.81
14.02.2025,972.35,759.52,828.98,875.47,760.99,899.39,1401.99,1885.83,1885.73,1598.26,2073.8,1640.99,1529.46,1443.1,1824.47,1694.61,1228.74,2873.42,1719.14,2080.82,2299.51,1883.11,1480.51,863.17
15.02.2025,910.13,707.84,500.52,462.8,766.32,582.05,1004.85,1389.84,1525.75,1388.54,1802.51,1172.86,999.41,1140.3,1169.2,969.34,1175.28,2350.47,1650.98,1578.4,1621.22,1920.86,947.83,551.67
16.02.2025,645.33,535.33,594.65,682.51,749.23,680.33,1266.36,1582.02,1438.69,1306.28,1683.14,1181.87,1205.49,1417.29,998.13,1252.3,1096.04,3813.72,1842.26,1527.08,1924.62,1552.02,934.24,758.96
17.02.2025,788.94,918.1,906.93,944.54,921.45,840.32,1574.07,2614.62,1851.0,1626.24,1934.59,1502.19,1688.14,1253.79,1704.74,1472.87,1411.61,2305.48,2232.32,2468.58,2362.46,1558.28,1573.52,483.58
18.02.2025,929.87,895.27,960.19,835.69,1103.92,1064.57,1432.21,1874.76,2237.47,1953.06,1868.02,1293.42,1724.63,1016.05,1455.41,1546.7,1339.03,2124.51,2943.14,1746.28,2466.48,2197.91,1352.87,1078.89
19.02.2025,863.99,705.46,801.41,721.81,1182.4,922.3,1566.17,2358.15,2357.15,1345.39,2264.69,1664.42,1430.1,1483.12,1473.27,1732.77,1609.47,2823.29,2615.88,2282.78,2297.72,2263.32,1279.79,949.75
20.02.2025,625.09,1118.76,890.41,687.36,1035.95,766.6,1467.07,5240.0,2891.71,2414.18,1952.18,1319.97,1642.0,1252.26,1449.92,1558.98,1786.83,4220.26,2357.59,2484.19,2374.09,2099.12,1003.86,967.8
21.02.2025,874.06,702.22,645.29,1084.49,607.7,790.61,1323.64,1942.55,1701.39,5961.28,2294.58,1655.05,1733.17,1701.95,1076.36,1579.06,1141.08,1926.08,2476.17,2147.32,2244.5,2565.38,1269.72,1037.39
22.02.2025,623.88,678.7,574.25,844.78,475.24,525.25,1198.58,1411.96,1761.32,1625.65,1407.63,1355.59,1413.07,700.45,1194.2,1035.85,1079.59,1865.23,1925.09,1682.12,1534.27,1672.79,1350.8,705.35
23.02.2025,586.99,668.32,581.67,740.75,868.87,567.67,972.51,1571.47,1525.91,1620.03,1455.25,1174.66,1032.8,1346.22,1367.06,1007.97,1135.15,1656.33,1526.61,1408.83,1565.86,1789.91,1240.31,704.45
24.02.2025,905.82,942.92,1123.53,912.65,677.18,955.25,1032.25,1953.08,2040.96,1947.92,2409.89,1322.21,1698.89,1477.8,1807.5,1783.7,1205.55,1839.98,1861.83,3331.59,2913.35,2322.29,1028.07,1195.54
25.02.2025,891.11,878.79,1120.11,888.16,1090.34,3191.9,1323.07,2137.71,1662.42,1517.07,1821.39,1388.08,1895.12,1343.06,1477.61,1714.44,1776.8,2153.2,2187.37,2072.59,2102.0,3008.3,1610.37,882.86
26.02.2025,827.06,919.72,917.96,730.08,819.83,875.25,1583.97,2194.13,1646.4,1604.99,2124.19,1876.93,1123.34,1749.56,1575.3,1110.54,1059.36,2280.6,1649.26,1935.12,2074.64,1973.26,1503.7,609.19
27.02.2025,895.08,671.09,952.84,735.06,812.2,875.53,1382.89,2516.75,2100.18,2073.77,1926.49,1424.61,1423.77,1363.29,1706.65,1652.62,1765.74,1978.92,2170.51,2257.23,2041.07,2448.54,1517.8,772.0
28.02.2025,841.33,797.47,843.84,656.86,1098.56,715.42,1470.45,1611.27,2264.86,1653.03,2086.3,1744.05,1594.21,1625.62,1438.95,1874.92,1659.33,2182.03,1751.84,2028.37,2481.53,2611.31,1307.5,867.9
01.03.2025,623.39,672.88,600.66,717.64,687.25,663.54,1133.81,1768.37,1585.16,1317.82,1441.69,1071.81,1230.45,1047.79,1029.7,3603.48,1367.41,1925.06,1545.92,1767.43,1934.69,1780.68,1289.12,611.8
02.03.2025,586.25,762.61,732.41,604.08,702.77,702.17,990.0,1768.24,1282.26,1701.18,1522.29,953.25,1245.06,1029.73,1211.71,999.43,1079.73,1514.42,2025.76,1090.91,1549.77,2033.2,858.06,553.4
03.03.2025,841.06,731.69,941.61,912.02,803.55,1003.32,1038.14,2021.71,2242.19,2037.59,1555.4,1369.08,1258.37,1445.43,1785.93,1865.86,1625.22,2313.27,1809.29,2370.17,2477.15,2337.14,1396.19,901.84
04.03.2025,709.51,1072.28,896.19,611.61,904.88,913.05,2017.73,2103.44,2438.55,1467.51,2539.29,1850.88,1178.11,1254.02,1870.87,1819.92,1075.31,2066.27,2123.37,1896.43,1941.86,2628.5,1713.9,826.83
05.03.2025,1028.56,852.87,934.19,971.87,952.34,1009.58,1423.06,1938.07,1975.56,2160.63,1917.94,1405.87,1641.58,1134.68,1488.82,1296.33,1714.35,2640.56,1863.19,2459.98,2222.0,2000.84,1933.16,1037.44
06.03.2025,894.65,756.53,759.66,849.71,569.99,827.29,1611.25,2665.29,1820.28,2045.09,1368.28,1421.01,1280.87,1520.67,1506.15,1339.04,1391.31,2007.27,2459.54,2626.73,1950.98,2381.62,1837.37,862.58
07.03.2025,1104.04,792.04,918.67,980.24,979.17,1067.01,1480.33,2082.31,1809.68,2262.41,2129.59,1552.41,1295.1,1485.9,1566.47,1126.55,1473.68,1506.93,2422.41,1858.2,2128.92,2119.04,1355.54,812.8
08.03.2025,639.66,773.45,639.52,762.37,620.8,605.76,1142.12,1479.8,1425.33,1410.85,1361.67,890.69,1405.38,1249.18,900.7,1209.14,1377.29,1987.63,1591.29,1740.18,1747.73,1931.34,1001.52,649.14
09.03.2025,589.86,761.86,4198.41,632.99,720.17,684.53,1192.59,1209.52,1462.41,1638.12,1573.91,1152.02,925.98,871.34,1237.81,923.88,1240.95,1551.02,1919.14,1392.88,2164.04,1455.88,1231.64,669.69
10.03.2025,871.94,996.25,885.93,846.54,941.93,905.68,1888.34,2136.44,1664.03,1916.7,2548.67,1635.27,1617.13,1624.41,1527.68,1554.47,1687.8,2566.24,2362.26,1867.11,2326.56,1964.47,1645.94,869.64
11.03.2025,724.66,594.83,994.43,1004.19,975.33,884.94,1228.3,2091.99,2354.68,2061.71,2078.45,1493.31,1435.55,1689.75,1273.28,1157.32,1170.7,2596.04,2642.94,2196.95,2204.09,2515.58,1817.95,785.17
12.03.2025,1220.14,1049.63,833.94,721.34,664.01,1027.28,1814.0,2241.71,2210.26,2033.47,2146.39,1643.03,1682.34,1488.03,1325.6,1450.73,1376.06,2529.72,2320.24,2141.58,1768.53,1979.98,1333.34,773.46
13.03.2025,740.69,895.9,816.34,849.04,995.46,831.67,1577.63,2126.18,2288.39,2256.4,2002.97,1513.25,1361.06,1690.34,1720.57,1861.32,1244.83,2009.49,2069.11,2347.73,2643.24,2390.26,1373.77,1133.52
14.03.2025,908.42,828.62,756.6,971.78,934.37,842.89,1323.42,2042.04,5742.79,1733.86,2160.05,1324.96,1713.23,1505.77,1434.67,1493.85,1482.87,2420.27,1689.7,2726.01,2099.03,2278.37,1070.37,904.65
15.03.2025,595.12,820.32,755.09,841.44,697.04,525.66,1015.21,2065.57,1747.81,1687.66,1413.72,1283.84,1078.29,1018.74,1141.37,959.89,1620.03,1374.45,1807.43,1763.15,1513.77,1844.35,1260.38,658.73
16.03.2025,636.81,566.57,695.71,781.62,784.34,502.89,1310.58,1157.68,1413.45,1615.55,1558.14,1243.05,982.37,1350.26,1141.49,911.12,1025.03,1709.87,1485.45,1659.98,1757.32,1934.78,879.43,809.8
17.03.2025,758.16,957.19,689.86,1146.29,881.97,884.4,1450.79,2544.0,2033.4,1723.27,1473.33,1306.91,1606.51,1562.98,1492.29,1237.25,1577.86,2494.1,2202.54,2337.55,2580.98,2948.58,1272.25,569.68
18.03.2025,808.47,789.77,877.8,837.23,566.46,919.43,1595.5,2136.28,1419.95,2294.41,2982.22,1757.49,1511.83,1543.49,1027.9,1895.91,1886.1,2390.83,1912.71,2243.87,2057.99,2192.7,1701.66,938.85
19.03.2025,967.05,787.74,881.47,777.21,881.2,815.79,1248.02,1742.23,1744.35,1784.8,1605.7,1629.12,1415.54,1223.99,1301.34,1373.49,1127.27,2504.74,2455.01,2013.92,2551.55,1936.92,1604.01,834.54
20.03.2025,728.44,833.92,702.14,829.15,556.37,849.54,1310.32,1816.23,2284.59,2008.93,2184.27,1580.71,1298.68,1464.48,1594.14,1898.18,1440.04,2012.51,2279.12,1973.8,1827.72,2370.64,1362.52,864.07
21.03.2025,966.59,558.28,1056.17,901.63,975.81,751.49,1631.29,2201.36,1872.11,2111.33,1997.46,1613.1,2006.9,1484.76,1497.77,1179.28,1845.36,1950.93,1847.04,2138.76,2395.82,1873.49,1443.18,666.05
22.03.2025,568.06,707.72,647.15,804.31,567.82,829.46,1027.47,2006.26,1391.05,1699.32,1374.42,5710.55,1209.26,1065.17,1243.19,1092.73,1288.72,1669.59,1999.3,1296.95,1599.17,1593.81,1088.86,627.63
23.03.2025,739.35,403.41,771.08,661.64,673.85,836.57,976.46,1512.05,1810.25,1246.45,1692.16,1190.55,1223.79,944.26,871.56,1198.38,1086.65,1459.13,2037.86,2018.95,1936.79,1495.92,1122.21,711.86
24.03.2025,828.27,1093.51,851.74,800.46,1051.97,1060.2,1251.1,2598.66,1942.29,1865.45,2067.22,1177.59,1475.76,1870.18,1680.18,1363.95,1455.87,2608.16,2540.9,2331.21,2894.58,2473.58,1336.33,948.37
25.03.2025,963.88,884.42,608.34,976.97,680.45,781.94,1763.71,1982.66,2327.93,2447.46,2031.83,1069.6,1615.5,1286.47,1354.71,1154.98,1840.06,2665.46,2954.67,5101.36,1781.43,2682.67,1214.52,984.24
26.03.2025,967.32,977.12,999.76,992.42,1160.02,1209.55,1505.88,2032.83,2475.09,2528.4,2500.16,1301.1,1351.98,1543.26,1544.25,1888.58,1280.71,2528.73,2994.12,2752.96,2815.9,2217.87,1024.86,3316.4
27.03.2025,894.83,740.33,741.33,1046.74,848.11,921.04,1593.87,2151.54,1912.09,1986.79,1926.66,1427.02,1258.51,1253.98,1585.24,1276.01,1535.8,2148.09,2124.46,2371.51,2374.71,2770.03,1013.81,885.04
28.03.2025,752.5,919.4,784.91,1088.52,932.78,950.7,1562.21,2404.2,1801.92,1827.25,1337.82,1703.13,1347.93,1676.09,1636.55,1499.3,1201.88,2571.57,2843.41,2697.73,2068.9,2028.65,1530.33,967.43
29.03.2025,769.04,518.09,616.82,635.65,668.7,766.6,1233.11,1492.56,1573.67,1590.21,1130.35,1046.95,962.64,1446.7,928.99,1093.69,1128.42,2259.64,1743.67,1343.33,1196.42,1796.58,1131.26,723.79
30.03.2025,781.33,672.36,729.87,665.11,650.1,670.19,1365.22,1285.82,1365.56,1815.08,1047.58,905.59,1192.59,1114.22,1423.92,1085.8,1212.71,1722.51,1730.11,1485.0,2009.28,1753.67,1040.13,716.33
31.03.2025,847.7,957.35,972.45,917.78,984.57,996.7,1733.91,2073.02,1825.06,2094.86,1850.25,1516.15,1601.3,1719.08,1388.93,1265.59,1629.51,2864.45,2274.86,2216.72,2119.84,2317.86,1593.14,1081.7
01.04.2025,864.23,1056.55,991.66,827.63,1053.21,909.58,1656.38,1572.62,1859.48,1905.85,900.96,837.96,883.51,910.36,498.45,477.66,1536.75,2140.37,2246.09,2608.44,2113.74,1509.72,1578.71,1008.89
02.04.2025,1134.39,922.77,634.55,872.28,789.75,1006.77,3173.91,2365.14,2059.18,2116.37,1226.08,777.39,621.26,939.53,608.77,606.04,1572.85,1970.26,2469.79,2043.2,2412.37,1858.18,1595.27,969.97
03.04.2025,931.84,814.96,695.53,935.37,859.77,1022.39,4206.77,2316.6,2334.41,1978.52,1310.09,854.87,410.74,488.9,459.97,774.46,1508.07,2209.35,2117.68,2338.83,2147.77,1819.73,1408.78,843.01
04.04.2025,775.5,814.4,795.45,1031.65,838.3,1029.36,1508.92,2503.8,2391.4,1993.73,598.44,433.92,730.86,679.84,753.06,769.58,1168.26,2204.58,2288.49,2063.47,1956.71,2408.78,1406.5,889.69
05.04.2025,716.62,769.57,857.29,632.59,590.16,698.9,988.83,1502.69,1908.85,1681.91,767.17,498.08,597.15,358.71,534.7,425.6,899.07,2177.38,1613.01,1673.29,1676.18,1618.46,1152.89,785.29
06.04.2025,628.78,543.46,885.82,674.77,708.33,596.21,1512.25,1691.34,1456.15,1201.64,624.46,423.73,411.13,377.9,632.18,640.46,779.93,1909.13,2042.41,1617.8,1416.28,1564.65,1181.07,672.38
07.04.2025,978.76,861.13,1191.94,683.43,1034.01,1215.39,1578.73,4429.16,1691.35,1970.15,1034.67,534.65,624.54,671.7,4061.79,431.94,1175.77,2218.68,1927.43,1902.0,2751.82,2283.83,1463.02,994.26
08.04.2025,651.36,913.96,5826.74,678.07,928.44,943.87,1536.72,2456.02,2098.01,1805.29,1124.88,953.29,681.17,419.97,625.22,824.7,1997.31,2282.02,2101.49,2113.89,1743.85,2126.25,1733.19,805.0
09.04.2025,1036.43,1062.61,834.66,893.81,990.15,879.5,1327.06,2155.15,1619.35,2515.84,580.71,544.3,465.11,822.26,658.25,921.4,1428.69,2740.07,1931.79,2116.85,2324.94,2519.69,1421.83,856.07
10.04.2025,757.83,862.34,552.96,907.25,861.18,1002.93,1505.57,1654.68,1974.28,1745.46,1451.7,422.25,788.14,820.2,1029.39,894.6,1578.85,2206.86,2157.6,1572.91,2322.55,2748.71,1470.15,991.63
11.04.2025,705.89,992.41,913.87,590.3,1236.85,945.91,1567.07,2300.04,2523.04,1740.05,779.71,671.51,1019.2,626.44,441.18,592.63,1208.18,2169.97,1822.75,2311.72,2398.91,2377.3,1661.18,758.98
12.04.2025,855.77,549.75,769.18,630.44,658.05,648.26,1213.06,1529.95,1629.22,1652.73,1024.94,708.7,395.93,344.05,508.86,403.92,964.58,1791.96,1500.47,1111.52,1562.45,1909.66,1164.16,662.26
13.04.2025,618.92,658.53,694.42,706.53,645.69,645.0,1012.37,1428.22,1581.65,1487.86,5113.81,333.18,440.59,252.12,385.11,559.09,1337.61,1725.09,1751.83,1428.65,1826.62,1473.06,1169.99,562.76
14.04.2025,717.38,5699.88,980.23,1052.02,1173.17,916.47,1645.75,1929.66,2724.8,1676.56,651.88,428.59,554.34,948.25,487.37,1027.24,1214.92,2290.85,1444.53,2393.18,2538.41,2167.52,1959.79,905.04
15.04.2025,995.16,692.5,979.49,677.77,833.96,1098.65,1199.34,1523.38,2199.19,2969.72,866.31,527.65,673.17,868.08,1026.29,477.32,1518.25,2055.63,2333.8,2577.48,2841.23,2412.73,1508.24,1247.19
16.04.2025,864.56,1016.33,685.62,859.88,847.48,742.66,1368.3,2377.03,2834.98,2122.41,1296.33,480.5,567.04,677.82,907.52,633.93,1442.99,1941.56,2308.87,1750.41,2167.73,1882.65,1911.82,1187.18
17.04.2025,831.3,917.33,710.95,1005.15,831.65,763.56,1646.0,1884.72,2406.37,2526.91,680.43,534.42,676.22,766.74,971.76,764.12,1741.06,1617.89,2256.38,2541.79,2525.78,2456.14,1273.35,715.44
18.04.2025,1093.02,1095.34,874.56,837.75,939.61,986.95,2138.24,2026.17,1851.74,2122.06,972.36,744.75,636.41,585.15,935.44,676.05,1261.61,2367.44,2412.16,2339.5,2236.88,2120.54,1502.9,520.18
19.04.2025,640.66,742.09,768.73,520.07,740.14,616.6,1238.76,1778.49,1488.23,1699.49,679.15,359.35,525.28,259.97,650.84,436.95,1323.88,2252.78,1261.2,1924.86,2182.03,1880.17,1438.16,589.9
20.04.2025,733.84,643.43,648.38,736.58,773.08,714.33,1355.06,1472.33,1327.36,1292.67,542.34,615.42,629.05,423.49,536.6,509.4,979.65,1702.43,1710.5,1263.54,1533.95,1711.12,920.19,766.41
21.04.2025,1071.31,977.88,1115.37,891.74,784.42,3372.97,1333.3,1900.35,1725.93,2212.12,639.02,587.48,599.95,786.73,833.01,675.96,1392.76,2679.79,2147.62,1938.45,2519.27,1556.0,1814.53,790.3
22.04.2025,994.57,912.13,885.19,790.6,578.76,884.08,1276.95,1915.7,2208.81,2266.42,580.92,429.5,809.64,597.43,717.91,480.32,1417.2,2011.55,2149.41,2526.99,2939.83,2744.73,1464.29,1046.33
23.04.2025,1210.48,674.71,831.13,758.81,1008.05,816.18,1260.28,2144.22,1870.19,1843.98,627.66,669.2,641.49,675.34,722.02,586.63,1517.22,2428.92,1804.5,3213.04,2283.1,2230.93,1416.85,923.85
24.04.2025,938.1,770.23,1063.62,1172.43,1050.63,1008.94,1104.96,1951.63,2234.67,4664.67,1059.2,837.42,883.29,419.63,525.59,516.19,1831.47,2052.27,1662.91,2105.65,3000.6,2063.85,1236.66,755.87
25.04.2025,770.16,1005.49,769.52,888.26,984.67,839.81,1339.55,2177.09,2330.64,1956.19,910.29,717.93,649.31,422.44,609.86,459.47,1656.55,1889.79,2834.81,1509.98,2222.02,2311.52,1416.94,689.11
26.04.2025,823.68,666.15,576.71,626.15,876.12,756.58,1302.11,1555.05,1467.02,1961.65,766.53,502.13,467.09,495.32,609.72,467.32,1189.19,2147.49,1755.31,1403.69,1351.78,1469.72,1606.02,604.52
27.04.2025,898.59,587.98,670.9,598.87,754.47,751.29,1066.69,1824.39,2067.23,1311.06,457.47,469.85,474.97,339.2,416.96,334.13,791.63,1912.07,1909.35,1866.35,2482.02,1790.12,857.62,522.34
28.04.2025,864.24,806.16,1084.08,953.48,942.6,793.43,1319.55,1561.74,2156.16,1842.86,686.1,962.16,1178.82,398.41,771.53,676.62,1573.64,2268.12,1881.28,2459.75,2015.32,2453.65,1728.72,912.97
29.04.2025,1045.12,576.18,1009.2,1014.78,1188.54,865.52,1341.11,2025.57,1757.52,2722.34,633.13,3373.64,758.5,682.74,851.8,511.41,1139.62,2885.67,2469.57,2028.35,2798.23,2068.75,1549.32,874.76
30.04.2025,998.93,1078.82,819.3,906.0,1082.84,855.28,1243.24,2406.45,1946.93,1543.36,778.16,398.87,586.57,853.41,556.4,594.59,1193.03,1886.71,3113.21,2383.53,2047.37,2529.77,1541.06,848.06
01.05.2025,500.11,618.26,706.61,749.84,716.89,812.6,1002.44,1548.66,1464.33,1699.35,1072.92,330.8,679.85,36.19,591.97,309.41,1234.04,1866.0,1715.13,1618.95,1603.25,1707.27,1059.28,678.23
02.05.2025,694.83,754.91,1177.75,855.55,833.93,708.93,1434.0,1904.52,1393.92,1955.54,658.56,831.77,482.97,645.78,662.07,934.72,1419.58,1909.79,2621.94,2080.23,1750.2,2590.63,1366.97,827.24
03.05.2025,815.6,564.82,664.2,744.97,597.98,750.76,1269.71,1816.89,2095.38,1460.53,826.98,341.24,627.74,288.62,520.41,674.19,1125.29,1841.18,1873.89,5899.97,1711.51,1804.83,1044.57,764.11
04.05.2025,585.07,759.82,700.37,565.56,724.38,817.39,923.01,1463.01,1215.71,1974.68,664.34,443.28,381.78,747.0,421.65,450.7,1259.38,2083.04,1758.25,1989.01,1404.21,1749.38,861.03,773.55
05.05.2025,472.57,579.65,626.35,704.05,702.34,773.78,1035.07,1906.87,1380.91,1277.93,750.26,595.35,666.31,473.14,419.63,717.54,1220.75,1336.52,1390.75,2219.96,1856.47,1292.31,964.28,642.39
06.05.2025,787.78,679.04,769.11,639.98,550.72,682.1,1285.5,1347.59,1643.78,1822.35,679.92,384.04,477.76,516.12,456.16,745.26,1145.29,2087.2,1770.22,1666.73,1616.23,1425.09,1180.25,659.88
07.05.2025,791.11,1058.53,1045.3,825.72,813.04,1118.93,1927.09,2796.68,2227.27,1666.06,1259.74,288.87,19.94,770.43,598.99,474.54,1435.22,2421.88,1935.66,2369.34,4193.53,2544.23,1879.27,882.62
08.05.2025,908.26,990.6,680.58,1078.98,811.69,1028.15,1581.62,1919.13,2222.98,2019.26,1344.16,844.04,497.56,720.01,1109.71,606.54,1271.16,2147.0,2282.49,1985.37,2549.34,1817.11,1324.26,698.45
09.05.2025,484.16,769.36,638.13,733.48,634.96,569.22,1211.9,1530.61,1417.9,1387.98,568.65,547.27,498.2,477.16,485.52,517.35,1176.0,2076.77,1696.7,1611.11,1659.09,1676.41,986.82,491.01
10.05.2025,598.31,538.41,753.98,815.63,809.57,541.9,1250.59,1661.68,1769.24,1403.4,497.08,322.25,617.53,586.21,615.72,407.09,1033.37,1780.36,1780.03,1575.84,1402.43,1900.34,1287.14,737.59
11.05.2025,661.72,577.13,656.45,565.49,563.61,793.18,1124.15,1553.61,1555.75,1990.22,490.77,471.07,29.75,649.17,504.69,579.42,765.97,1710.19,1608.74,1677.03,1393.79,1236.31,860.87,870.49
12.05.2025,620.86,848.38,758.43,877.33,975.2,1104.88,1444.2,2650.57,2299.78,1659.66,1008.66,423.94,759.03,810.59,668.29,363.41,1735.35,2243.73,2080.6,2551.45,2913.22,2180.07,1053.21,870.4
13.05.2025,919.73,853.0,705.48,769.45,933.33,1114.6,1291.02,2424.99,1707.11,1609.83,680.63,800.25,503.44,456.74,634.91,831.29,1611.87,2249.2,2019.16,2355.33,2231.5,1740.49,1786.58,866.31
14.05.2025,1035.77,973.39,865.15,1096.57,1063.15,924.06,1311.35,1999.56,2281.27,2185.65,1210.07,537.24,35.32,489.02,494.44,813.05,1382.86,2278.41,2340.35,2162.82,2128.49,2229.77,1441.57,964.37
15.05.2025,818.86,975.67,878.34,1081.14,1113.77,1182.74,1367.06,2239.19,1907.4,2130.99,1367.08,457.15,554.03,742.46,774.08,544.09,1373.75,2006.41,2068.12,2140.96,1980.64,2380.63,1292.78,943.65
16.05.2025,1015.55,1045.09,781.09,1004.75,1142.32,940.22,1046.74,2220.56,2355.42,1847.42,779.7,568.93,659.93,654.11,548.18,551.62,1592.86,2317.61,2354.59,2174.17,2303.06,1941.9,1549.32,958.39
17.05.2025,631.16,732.09,680.13,685.35,590.24,576.77,1101.53,1674.2,1678.66,1581.96,882.73,770.46,396.04,583.26,363.2,394.25,958.42,5821.96,1469.52,1725.36,1791.16,1977.21,966.84,752.37
18.05.2025,955.85,605.95,564.19,786.42,584.8,822.49,1324.35,1605.07,1716.1,1798.92,565.44,645.97,346.34,387.92,545.09,473.27,1160.51,1862.71,1343.4,1609.17,1422.94,1438.57,1030.52,685.73
19.05.2025,904.02,903.75,952.25,984.06,874.5,854.24,1542.49,2275.5,2274.12,2343.66,945.97,658.41,1029.11,675.84,821.59,632.12,1334.86,2164.89,1533.88,2071.33,2018.31,2549.56,1225.6,918.54
20.05.2025,940.27,1367.04,919.24,941.92,815.66,978.96,1719.62,2104.44,2582.15,2136.51,947.92,796.18,652.15,534.11,847.37,671.96,1479.17,2895.79,2283.52,2441.06,2347.76,2130.34,1746.83,1033.35
21.05.2025,837.48,920.33,880.65,902.88,889.22,815.81,1263.98,2407.51,2189.25,1694.84,649.04,1020.82,483.18,889.7,801.96,583.77,1539.5,2703.83,2620.02,2105.75,2112.77,2036.68,1196.9,1058.62
22.05.2025,821.24,903.95,923.46,746.09,766.76,729.03,1421.05,2176.51,1726.42,1958.07,798.94,863.89,979.43,570.56,629.91,822.21,1541.69,3020.54,2348.52,1905.47,1682.85,1827.52,1844.32,850.24
23.05.2025,928.22,847.27,926.22,4225.34,760.8,954.67,1832.23,2183.84,1896.24,1823.17,1173.1,608.53,522.1,852.56,607.39,872.85,1817.2,1756.09,2124.31,2715.12,2768.66,2339.89,1809.72,985.06
24.05.2025,936.11,607.01,661.46,790.71,615.88,751.2,879.14,1271.48,1496.05,1592.16,448.42,473.63,542.93,535.41,701.03,619.52,1263.31,1503.29,1603.31,2061.27,1336.12,1454.43,864.11,554.37
25.05.2025,683.09,676.87,509.54,801.85,720.49,655.99,989.62,2043.1,1443.15,1428.61,647.21,549.57,627.47,570.31,377.19,503.75,1196.41,1628.91,1884.17,1614.02,1296.89,1916.03,1124.55,783.63
26.05.2025,764.07,950.9,806.82,790.57,926.73,711.15,1337.53,1920.04,2251.32,1960.28,873.11,849.19,854.63,862.1,431.12,568.71,1379.18,2010.16,2111.15,2944.9,2385.43,2273.85,1206.69,813.33
27.05.2025,926.44,957.52,880.71,582.52,658.81,765.77,1290.37,1731.82,2005.57,2128.52,1081.46,884.24,525.58,527.45,635.46,745.34,1601.37,2448.6,2193.28,1684.06,1953.39,1799.37,1541.61,770.65
28.05.2025,1065.03,715.68,945.59,980.78,891.06,847.6,1805.91,2180.9,1641.84,1752.96,791.25,924.75,878.9,434.81,767.32,702.76,1918.19,1387.93,2025.62,2156.82,2300.9,2103.47,1238.05,840.12
29.05.2025,804.98,1015.43,1020.42,710.55,788.34,943.57,1504.66,2274.42,2262.05,2536.3,7.61,609.67,624.12,1095.24,624.54,695.51,1674.29,2406.82,2459.03,2792.91,1935.55,2553.26,1392.55,972.64
30.05.2025,921.17,862.93,976.43,987.19,1131.48,5930.65,1565.5,2092.64,1947.28,2035.1,1013.14,631.32,991.63,798.16,782.92,477.45,1724.56,2068.7,1891.99,2841.52,2223.11,2279.44,1669.83,1024.26
31.05.2025,641.66,537.91,776.97,720.63,494.88,805.91,1104.75,1649.4,3096.08,1207.66,549.48,490.87,455.26,628.36,652.43,542.51,1187.46,2004.32,2403.88,1515.26,1926.25,1850.9,1078.89,659.11
01.06.2025,462.4,631.07,586.66,513.56,700.84,685.48,885.66,1182.19,1368.6,1271.62,724.37,602.48,542.69,433.0,333.52,350.2,1142.36,1547.69,1462.98,1369.95,1232.98,1771.03,1289.33,730.06
02.06.2025,907.44,862.11,965.62,958.41,615.13,703.18,1282.5,1774.88,1753.29,2120.29,764.82,643.47,619.8,399.51,725.33,737.5,1054.24,2301.63,1740.62,2030.09,2169.06,1764.68,1392.07,956.09
03.06.2025,840.77,593.63,578.35,592.37,791.32,880.61,1425.78,1553.44,1819.81,1245.26,615.18,849.66,767.7,424.17,446.03,879.95,1241.0,1775.61,1582.21,1966.65,2107.91,1747.09,1479.79,631.09
04.06.2025,801.84,812.46,784.69,753.46,665.36,613.33,1330.29,1693.99,1650.62,1548.47,991.17,363.81,754.0,353.95,816.2,509.92,1240.4,1583.91,1446.7,1734.66,1872.56,2005.36,1079.11,822.07
05.06.2025,655.67,926.2,667.16,804.08,805.35,919.66,914.41,1938.44,1839.26,1853.37,912.81,584.35,464.69,623.98,673.46,677.78,1043.27,1891.9,2359.56,2287.91,1758.21,2292.86,1454.01,851.0
06.06.2025,813.11,831.49,509.44,625.26,806.01,708.93,1416.44,1844.72,1628.69,1645.96,1004.05,477.68,557.61,600.19,519.87,478.17,1288.22,1729.56,2357.79,1741.0,1807.47,1626.7,1736.57,577.85
07.06.2025,602.4,688.64,607.66,452.85,577.1,497.99,954.17,936.07,1216.04,1555.01,443.64,394.55,302.81,561.24,687.94,191.53,822.95,1462.2,1114.34,1727.09,1757.82,1550.55,1144.44,371.31
08.06.2025,561.38,601.13,478.58,661.08,687.33,597.88,849.1,1584.69,1601.21,1661.04,1011.88,405.96,446.52,625.72,445.93,341.12,895.47,1360.31,1763.87,1286.41,1309.68,1375.62,900.54,572.97
09.06.2025,512.18,699.94,791.91,861.02,1056.04,1036.06,1533.28,1526.27,1858.6,1787.9,977.3,320.36,719.31,428.62,692.62,440.78,1145.0,2063.14,2370.91,2128.13,2113.17,1641.05,1231.22,825.71
10.06.2025,934.54,608.35,872.78,596.6,930.06,802.58,1194.24,2108.25,1684.89,1624.11,747.48,519.63,536.05,496.26,526.61,571.24,1569.05,1708.12,3640.11,2345.3,2027.55,1537.89,1039.89,701.23
11.06.2025,750.56,5481.33,733.64,833.67,1003.36,895.6,1041.23,2031.5,1855.03,1770.9,888.76,536.26,713.22,502.82,714.79,638.6,1129.38,1679.08,1999.46,1737.15,2053.74,1702.34,1045.27,936.34
12.06.2025,559.94,802.53,714.37,869.46,563.68,739.99,1482.81,2214.13,2074.47,1548.66,1148.67,670.75,609.65,652.32,619.5,459.38,1036.41,1504.21,1959.75,1966.22,1623.78,1984.99,1260.87,805.28
13.06.2025,805.0,738.2,690.35,688.21,900.4,886.5,1402.4,1686.46,2017.32,2030.49,5131.71,364.17,386.93,544.76,407.12,644.63,1305.55,1537.45,2204.53,2692.0,2578.08,1799.02,1283.34,949.7
14.06.2025,789.27,527.03,594.5,646.83,563.3,658.1,970.54,991.92,1536.96,1628.66,505.02,340.41,555.98,555.89,421.89,392.17,772.66,1502.69,1287.26,1571.71,1546.92,1282.79,982.26,624.91
15.06.2025,601.14,568.31,651.44,566.59,605.68,520.44,939.43,1566.71,1228.86,1274.87,446.25,458.04,368.07,417.11,435.15,645.49,925.23,1648.32,1659.14,1231.71,1231.99,1497.65,766.52,497.36
16.06.2025,744.06,820.17,656.86,685.95,879.57,800.46,1429.02,1588.58,2233.97,1551.82,793.27,759.57,695.14,594.21,757.4,805.02,1444.74,2480.15,2020.28,1796.42,2168.24,2414.18,1124.57,630.43
17.06.2025,768.04,897.5,797.39,695.46,917.33,5911.74,1267.14,1813.44,1607.07,1790.76,762.53,731.35,615.38,781.22,938.7,738.07,1120.97,1528.98,1676.57,1757.31,2138.12,1529.39,999.15,748.76
18.06.2025,555.08,892.5,839.48,681.64,528.35,687.12,1665.43,1782.13,1782.57,2392.2,726.96,3525.1,604.61,366.53,570.04,411.33,1365.38,1765.77,1153.86,2152.23,1913.61,2105.59,995.42,761.6
19.06.2025,746.22,810.44,837.21,783.23,719.96,742.97,1321.21,2133.33,1773.73,1627.69,780.61,518.85,742.77,421.46,612.44,576.03,1624.21,1737.08,2217.6,2270.85,1792.45,2342.45,1335.4,931.32
20.06.2025,925.39,801.09,655.44,770.97,665.7,713.8,1025.84,2305.75,1956.21,1675.46,1101.66,330.32,372.9,708.23,502.27,770.51,1151.45,1759.81,1801.08,2044.67,2523.16,1894.19,1090.79,793.67
21.06.2025,514.6,601.7,663.29,581.76,587.55,591.65,1190.71,1559.16,1426.27,1338.24,572.55,300.87,287.7,544.6,492.02,388.22,924.58,1658.14,1456.35,1860.03,1255.99,1419.13,950.51,556.38
22.06.2025,449.31,464.82,617.89,729.59,568.43,500.07,980.03,1336.11,1455.33,1495.59,501.64,354.61,393.83,402.39,273.57,519.58,1126.17,1584.43,1564.93,1304.29,1761.89,1505.75,993.91,719.3
23.06.2025,901.66,717.34,846.28,761.39,778.8,890.74,943.34,1828.28,1741.19,1619.84,663.26,566.24,567.95,585.33,485.18,366.14,1119.89,1899.78,1866.5,1887.34,2401.09,1901.63,1459.44,825.51
24.06.2025,961.56,900.85,570.89,675.92,899.71,1013.35,1261.24,1852.48,1707.07,2346.77,563.37,563.89,603.38,581.19,872.68,680.97,1101.39,2569.71,2542.24,1999.57,1987.46,2098.71,1648.25,596.73
25.06.2025,649.11,651.88,811.72,892.87,732.8,710.93,1045.55,1418.59,2122.95,1485.41,962.08,657.92,798.26,562.36,429.37,472.54,1384.16,2078.22,2106.42,1776.87,2133.69,1520.83,1224.23,766.53
26.06.2025,781.31,825.76,595.43,540.17,771.72,682.39,1106.11,1512.11,2170.04,2277.0,1017.78,626.82,952.94,515.11,530.69,408.93,1404.66,1652.18,2191.93,2241.35,1846.51,2152.56,1296.93,596.77
27.06.2025,677.19,965.86,784.25,892.48,562.14,775.98,1247.46,1872.27,2091.39,1209.88,822.4,687.2,1004.88,488.28,645.82,752.06,1521.93,1573.9,2362.33,2172.79,1954.29,1671.07,1447.74,738.4
28.06.2025,685.08,510.45,518.54,485.47,478.83,478.92,949.61,1671.67,1358.82,1532.0,773.51,539.75,550.44,457.57,308.06,443.54,1057.36,1451.9,1233.63,1448.88,1415.02,1631.7,1018.4,769.76
29.06.2025,611.84,709.82,664.66,640.02,526.58,513.14,1136.72,1116.14,1288.7,1456.27,542.41,337.73,486.25,5892.13,387.22,671.26,987.54,1703.33,1321.36,1398.83,1791.42,1577.82,987.22,715.06
30.06.2025,786.77,829.62,841.31,730.12,728.08,656.08,1065.41,1894.45,2365.78,1545.64,617.52,408.68,705.1,653.04,467.77,584.41,1186.38,1717.12,2259.73,1907.23,2154.48,2038.91,1333.7,902.18
01.07.2025,814.55,663.55,868.69,636.64,715.14,813.59,1560.88,1972.87,2155.61,2204.84,896.7,723.63,360.93,643.43,665.19,396.82,1238.23,1500.16,1590.4,2125.01,3885.31,2050.32,1054.5,750.94
02.07.2025,787.84,962.26,700.62,807.38,998.39,691.06,1094.74,1685.66,2159.39,1994.87,958.74,429.96,473.03,589.35,714.0,4995.96,1507.57,1406.89,2135.51,1555.72,1484.96,2427.39,1483.15,575.34
03.07.2025,843.32,894.73,855.52,1046.14,897.4,660.87,1484.17,2051.84,2041.01,1813.95,861.97,635.33,821.94,523.81,394.84,449.27,1502.37,1294.96,2084.77,1914.54,2291.15,1749.55,1279.98,724.3
04.07.2025,816.56,571.55,892.43,774.3,766.54,625.64,1541.76,1647.21,2232.3,1952.68,863.1,660.95,400.14,391.0,761.9,812.83,1401.38,2044.5,1644.05,2014.79,1725.9,2017.79,1420.0,900.27
05.07.2025,529.23,571.43,585.49,495.63,621.6,616.49,939.55,1091.1,1898.38,1270.57,494.66,418.14,346.27,445.26,467.4,374.39,990.74,1396.42,1151.32,1723.32,1791.82,1830.74,982.29,616.99
06.07.2025,526.65,611.48,689.31,678.42,444.48,545.06,1164.28,1665.92,1345.04,1296.93,526.29,536.2,463.83,276.61,232.62,332.37,797.3,1180.61,1260.95,1518.11,1004.55,1452.47,1174.93,592.76
07.07.2025,968.01,811.07,717.77,719.03,773.67,872.05,1516.2,1852.18,1351.53,1448.04,523.89,693.2,624.87,733.33,577.49,370.25,947.55,1831.02,2287.03,2044.31,2732.73,2357.64,1341.06,897.93
08.07.2025,781.9,714.41,630.01,606.06,723.38,814.88,1343.86,1828.9,2156.71,1614.44,786.36,492.47,563.15,306.66,493.08,559.33,1482.28,1071.93,1868.65,2196.65,2242.73,2373.0,1350.1,834.23
09.07.2025,618.75,616.26,809.77,750.43,451.32,488.71,1053.44,2231.6,1691.38,1960.83,739.38,568.05,512.57,446.05,371.34,518.78,1576.81,1938.61,1810.63,1714.75,1967.33,2072.62,1111.13,573.21
10.07.2025,711.3,705.62,927.78,728.31,736.18,769.9,1188.94,1942.15,1921.6,1790.86,1034.04,553.07,604.76,820.74,549.79,531.24,1131.92,4742.18,1690.84,2377.68,2242.7,1704.04,1128.79,726.37
11.07.2025,1005.44,863.6,951.14,698.24,695.3,772.33,1084.37,2334.69,1657.56,1773.57,1030.05,1051.9,515.61,806.49,529.54,626.94,1385.25,2006.73,1475.74,1511.09,2280.86,1193.5,1151.24,892.22
12.07.2025,622.37,473.56,553.47,642.69,620.13,534.33,1008.09,1093.19,1317.66,1082.83,697.47,43.78,324.47,405.33,373.26,478.05,811.98,1280.93,1325.69,1425.53,1699.97,1277.5,795.37,537.6
13.07.2025,638.01,702.27,513.16,694.52,593.48,614.56,1144.57,1073.4,1026.11,1380.0,586.53,428.52,329.96,643.67,407.46,450.51,1051.06,1073.45,1168.13,1482.46,1469.47,1601.71,1006.51,540.88
14.07.2025,816.27,740.1,830.2,904.01,615.55,813.45,1373.64,1796.47,2232.77,2578.65,706.17,651.85,792.62,3996.62,519.47,717.18,1203.32,1882.57,1814.16,2252.9,1915.65,2069.04,942.04,589.36
15.07.2025,883.36,640.04,794.06,706.16,873.59,579.52,1315.15,2088.46,2086.29,1769.97,5.34,575.89,687.85,822.59,417.41,464.29,1369.12,1778.94,1859.08,2298.59,1861.72,2055.93,1279.43,920.58
16.07.2025,443.45,1015.65,608.26,628.47,719.9,606.38,1205.29,1871.55,1552.85,1998.33,898.51,712.86,667.48,594.0,504.84,542.58,1548.59,2166.69,1417.98,2207.07,1758.23,1979.94,912.44,756.83
17.07.2025,659.39,749.93,916.29,950.54,875.28,678.44,1113.94,1512.71,1941.04,1780.95,749.38,416.16,800.83,533.0,680.89,638.74,1159.67,1873.16,1993.65,1495.15,2046.72,2042.27,1110.51,697.31
18.07.2025,3987.77,815.23,680.07,836.59,735.52,831.09,1534.77,1838.44,1541.92,1445.37,733.79,407.19,649.34,740.77,401.09,368.72,1414.95,1817.0,1510.24,3628.74,2250.3,1805.75,1036.96,877.06
19.07.2025,604.83,685.69,618.44,641.8,670.26,643.18,927.52,1349.15,1876.84,1653.57,761.83,534.8,471.1,469.87,584.93,251.59,816.31,5940.87,1519.13,1665.04,1180.75,3499.07,972.18,692.06
20.07.2025,672.3,599.22,663.47,587.23,616.56,574.45,1169.72,1447.63,1525.86,1374.7,728.47,474.99,412.29,458.13,5.22,418.26,906.53,1530.53,1559.23,1292.57,1598.05,1177.38,1030.8,475.16
21.07.2025,823.57,695.08,820.16,742.96,818.52,483.59,1144.08,1969.78,1954.34,2265.6,1152.52,511.64,578.81,452.52,592.76,556.28,1403.79,2385.08,2374.56,1920.4,1865.13,2138.56,1687.2,866.14
22.07.2025,547.7,716.63,629.69,869.07,668.42,715.57,1092.37,1631.67,1900.86,1866.98,584.38,575.9,494.94,757.68,735.59,399.12,1509.67,2159.76,1189.7,2121.25,1900.33,1762.21,1520.31,586.74
23.07.2025,683.45,885.84,613.75,682.09,860.8,790.16,1310.38,1641.73,2349.34,1790.73,1247.84,496.84,663.07,672.54,611.61,561.69,1575.41,1903.37,1793.5,1865.14,1564.51,2250.67,1333.95,683.53
24.07.2025,702.6,942.05,708.66,731.54,764.59,833.53,1143.54,1925.58,1878.02,1765.97,692.8,472.84,307.39,585.37,595.44,588.14,969.34,2093.79,1166.35,1704.91,2231.11,1992.73,1030.01,710.3
25.07.2025,842.4,653.42,937.16,755.64,804.54,882.96,1227.96,2167.18,2090.47,1633.3,996.24,556.17,594.79,566.13,732.19,453.18,1337.87,1926.91,1406.34,3102.08,1946.78,1717.38,1249.53,786.62
26.07.2025,603.47,477.84,577.91,519.62,710.54,565.87,919.19,1179.88,1749.05,1326.52,467.05,479.91,387.99,608.86,251.0,358.06,916.68,1645.5,1017.04,1532.32,1483.09,1364.1,1177.0,642.59
27.07.2025,837.05,541.74,564.72,675.0,773.27,635.81,770.3,1680.65,1591.96,1554.91,36.9,392.86,219.4,291.83,653.03,547.0,1119.7,1835.39,912.41,1568.04,1294.81,1561.67,1179.87,439.59
28.07.2025,800.91,650.01,747.26,839.35,763.85,774.39,1513.37,1584.48,1780.61,1738.79,812.44,701.93,640.92,609.53,425.96,772.48,1293.11,2022.2,2137.14,1623.27,1837.18,2192.21,1644.07,843.98
29.07.2025,939.18,718.9,702.34,664.16,658.56,730.98,1025.06,1759.05,1855.93,4723.22,1129.77,458.53,478.02,473.55,548.35,532.78,1340.26,2616.56,1608.61,1869.38,1935.37,1846.67,1328.49,819.83
30.07.2025,788.16,896.79,802.63,756.16,916.79,799.39,1007.26,1841.51,2537.37,1279.89,961.29,600.8,752.89,458.18,520.91,588.42,1258.18,2246.58,1831.68,1889.69,2013.71,2156.64,1527.74,847.16
31.07.2025,810.91,747.3,918.28,702.3,721.44,710.4,1224.24,1771.26,1764.91,1846.95,929.16,851.85,637.24,672.71,265.39,563.05,1523.15,2146.39,2485.27,1864.66,2644.3,2078.05,1232.42,772.36
01.08.2025,742.81,894.73,835.66,704.95,771.0,671.13,1120.92,1872.05,1696.35,2052.25,813.03,444.56,341.75,752.42,862.27,431.92,1277.79,1949.65,1856.38,1587.34,1919.92,1563.45,1243.66,702.36
02.08.2025,686.58,655.72,615.77,716.36,595.38,643.78,928.63,1422.33,1417.56,1439.98,680.15,384.73,481.5,347.21,182.74,356.03,964.38,1301.4,1123.51,1430.69,1418.27,1512.21,1148.33,574.1
03.08.2025,580.42,664.47,481.92,661.28,515.97,636.46,840.01,1144.95,1361.74,1611.71,577.55,369.88,282.82,347.21,363.69,299.67,854.21,1284.22,1200.71,1305.62,1526.48,1712.47,928.58,570.9
04.08.2025,997.93,596.82,930.76,861.12,648.52,1013.88,1226.8,1576.67,1583.8,2089.13,649.87,426.82,688.56,603.61,700.5,576.75,1512.52,1527.67,2048.07,2164.88,1839.88,1569.9,1799.84,621.05
05.08.2025,944.93,713.44,766.24,869.14,837.92,843.18,900.77,2254.12,2041.39,1590.52,881.57,602.9,643.99,750.65,645.57,292.28,1096.37,5432.73,1915.87,2398.86,1886.52,1709.31,1208.56,748.68
06.08.2025,895.94,874.96,872.26,851.76,673.13,527.64,996.74,1869.58,1889.78,2340.16,1042.8,419.08,454.86,730.02,381.33,541.8,1300.47,1814.66,2223.96,2284.88,2194.47,1575.48,1372.49,839.87
07.08.2025,932.45,737.01,679.5,689.54,813.86,718.44,1307.15,2171.12,5562.26,1976.04,474.74,681.06,622.04,447.44,370.41,702.46,907.5,2647.36,2364.94,3316.28,2073.68,1696.95,1140.05,703.87
08.08.2025,819.79,724.9,522.38,808.14,614.59,660.72,1000.28,1863.56,2029.37,2305.49,1028.19,774.83,466.75,750.85,528.55,788.98,708.93,2228.92,2146.32,1850.28,1594.32,2293.26,1314.94,656.35
09.08.2025,621.86,376.85,609.38,634.0,571.85,508.22,712.76,1515.56,1429.0,1251.29,632.52,356.14,434.72,546.29,351.2,373.67,632.66,1286.76,1421.26,1016.27,1633.01,1554.7,1001.12,630.44
10.08.2025,549.42,482.78,573.97,552.44,597.99,458.94,1056.07,1622.97,4157.11,1635.32,579.11,467.12,511.4,405.03,455.1,287.17,838.54,1268.13,2004.11,1049.83,1516.27,1840.5,869.84,487.99
11.08.2025,820.25,684.35,765.27,868.93,895.88,719.93,1473.54,2206.86,2263.62,1593.64,720.29,504.59,462.16,645.61,463.79,575.85,1946.5,2287.79,1581.89,2202.77,1736.22,1846.0,1403.62,667.89
12.08.2025,766.84,980.47,833.23,878.38,844.44,770.17,1303.43,1894.32,2187.84,1745.62,881.5,802.11,430.03,408.64,420.04,516.81,1527.68,1957.55,2095.23,1975.71,2046.58,2207.17,1117.52,889.68
13.08.2025,730.05,828.8,658.23,676.27,747.24,749.83,1374.14,2173.84,1831.29,2020.77,801.37,409.4,511.9,586.2,786.22,615.06,1465.24,1822.74,1221.31,1985.34,1516.04,4529.9,1225.13,995.7
14.08.2025,470.03,738.04,822.82,739.72,630.42,743.75,926.1,1835.87,2039.7,2490.1,711.95,580.99,537.93,891.57,613.33,743.08,1512.12,2280.94,2033.11,1673.43,1794.16,1861.29,1161.97,638.98
15.08.2025,686.52,581.25,915.56,655.59,764.81,704.47,1467.15,1614.99,2219.46,1463.05,1205.86,404.15,556.38,675.51,658.51,656.16,1545.34,1665.46,1907.55,1707.0,1811.48,2485.41,1226.12,859.92
16.08.2025,578.07,559.98,473.51,722.09,548.95,718.61,973.0,1273.32,1352.06,1427.92,813.5,511.6,523.32,400.7,346.59,465.17,1389.32,1520.13,1404.36,1240.01,1219.44,1192.58,772.86,4010.63
17.08.2025,411.46,595.14,546.62,482.39,648.29,591.96,1106.26,1335.76,1355.47,1406.8,735.07,505.3,441.74,537.96,302.35,471.37,1097.25,1447.61,1516.38,1142.72,1355.93,1096.75,1014.68,695.02
18.08.2025,708.48,680.4,881.12,830.5,651.76,754.34,3292.4,2199.73,1713.48,1909.42,644.52,642.9,439.89,791.82,487.86,634.67,1432.63,1854.66,1938.26,1935.49,1789.75,2475.34,1371.31,1072.04
19.08.2025,801.6,789.56,849.87,622.88,646.44,568.44,1151.95,1636.79,1363.94,1876.85,927.88,581.08,435.75,335.61,653.47,295.4,1457.81,2079.36,2274.81,2085.16,2000.98,1663.07,1285.77,796.34
20.08.2025,604.68,916.12,817.7,765.54,735.08,1068.36,1334.06,1580.39,1878.59,1685.7,1015.22,589.88,739.49,672.55,412.25,402.04,1459.5,1534.54,1836.81,1667.78,1998.24,1977.82,1497.04,742.99
21.08.2025,718.95,753.46,749.02,805.35,922.14,788.91,1297.25,1653.8,2100.54,2093.85,1064.82,555.74,570.62,483.06,476.81,523.33,1359.68,2310.45,1322.58,2260.89,1990.13,2050.92,1324.29,4131.5
22.08.2025,767.0,791.28,885.57,825.75,830.61,628.33,1278.98,1973.32,1596.89,1737.55,679.5,888.95,462.6,728.05,532.79,512.96,1272.91,2193.43,1760.68,1882.06,1695.53,1513.47,1133.01,706.68
23.08.2025,601.06,683.35,609.83,578.29,631.07,558.19,871.68,1161.74,1240.63,1280.44,392.79,627.47,364.66,468.84,501.38,255.99,1062.2,1434.97,1441.48,1794.81,1976.61,1775.89,726.87,579.55
24.08.2025,471.54,624.13,574.0,661.21,680.88,522.46,978.17,1295.71,1158.12,1384.26,628.99,482.25,615.11,512.42,587.73,518.78,809.74,2001.5,1077.76,1561.85,1356.83,1223.17,880.17,657.59
25.08.2025,840.5,754.27,693.97,624.67,899.42,741.52,1238.53,1155.93,1373.08,1604.14,500.12,746.28,519.1,429.69,437.2,620.87,1096.49,2152.8,1603.99,1520.0,1685.01,2022.31,1366.7,1004.58
26.08.2025,835.12,878.45,801.75,862.23,676.18,842.77,1517.04,1949.48,2463.47,2095.82,905.18,702.96,352.28,595.73,642.24,578.95,1635.69,2384.78,1979.68,2271.45,1929.16,2039.89,1482.6,847.79
27.08.2025,723.69,887.65,700.36,785.77,825.57,693.4,1305.71,2007.77,1947.5,1909.11,601.12,939.95,638.76,555.59,437.31,506.7,1007.88,2000.16,1919.11,1901.11,1520.45,1350.87,1301.78,654.27
28.08.2025,924.14,521.18,867.96,676.75,758.47,688.45,1402.3,1623.84,1774.2,1868.48,956.31,687.62,486.34,821.73,949.86,456.41,1241.36,2434.63,1951.08,2072.92,1284.89,2549.89,1359.19,674.26
29.08.2025,708.74,712.66,701.68,1127.75,992.66,796.15,1395.48,1686.59,1773.59,1939.84,556.05,314.36,768.37,515.55,641.54,473.95,1093.94,1832.2,1844.2,1874.97,1726.42,1895.19,1177.74,805.19
30.08.2025,600.99,512.34,495.01,355.47,586.17,800.18,1049.65,1331.65,1537.2,1225.7,634.51,334.76,532.27,414.3,447.12,379.48,1038.59,1135.32,1294.13,1282.8,1715.22,1324.53,919.37,696.13
31.08.2025,591.49,455.89,665.4,561.92,677.61,459.02,1036.0,1207.34,1485.28,1170.82,631.17,610.89,543.72,557.51,362.91,460.68,1006.1,1196.51,1340.67,1628.51,1931.42,1348.44,814.98,519.04
01.09.2025,1069.08,964.5,801.88,509.64,881.09,1141.88,3910.26,2292.45,2209.55,1469.25,718.5,425.45,672.35,925.78,464.93,1073.89,3136.88,1643.13,1968.19,2035.56,1303.47,2131.17,1560.85,1022.29
02.09.2025,1163.72,1041.93,978.8,824.48,941.84,944.18,1646.23,1966.08,2039.31,2286.51,779.31,692.12,513.87,613.28,619.63,806.34,1500.11,2306.62,2575.32,2919.72,2482.71,2606.02,1001.18,998.12
03.09.2025,897.67,524.7,968.97,1085.24,967.78,753.11,1552.85,2082.21,2364.45,2472.01,803.63,548.41,576.84,353.8,660.75,982.2,1219.16,2784.01,2856.76,1976.45,2891.25,2139.41,1490.8,805.9
04.09.2025,766.32,943.6,707.44,923.98,592.65,1079.51,1743.13,2239.99,2110.48,1774.07,1198.76,903.12,662.88,767.84,879.65,552.33,1197.92,2041.97,2444.49,2306.94,2096.46,3042.67,1400.99,890.72
05.09.2025,744.82,1048.18,812.35,813.0,841.58,726.25,1206.59,1468.89,1573.82,2079.68,1794.27,808.18,650.5,483.12,440.89,563.34,1337.51,2241.77,2027.8,2510.45,1862.47,2295.1,1463.7,981.53
06.09.2025,681.42,731.22,669.73,750.67,474.51,662.24,1207.74,1876.62,1716.75,1220.3,675.96,602.82,666.7,376.02,241.6,711.97,1303.64,1268.19,1902.7,1436.04,1892.76,1993.38,1218.62,556.65
07.09.2025,827.2,686.65,761.93,659.1,652.78,716.07,924.11,2082.31,1768.3,1314.93,507.92,436.39,476.1,604.17,609.46,428.7,1204.7,2165.51,1668.75,1619.12,1577.78,1463.32,1199.02,591.21
08.09.2025,1212.08,856.26,816.9,931.06,661.76,963.3,1873.92,1843.94,1879.55,2803.18,1221.43,548.95,814.43,578.38,934.86,932.67,1266.63,2405.23,2371.73,1943.22,2400.32,4548.13,1659.74,1164.33
09.09.2025,854.25,699.83,931.12,718.44,928.08,1030.99,1604.55,1722.12,2281.74,1750.35,1207.8,1046.68,672.47,807.43,1097.35,939.46,1673.68,2075.51,2228.81,2120.38,2361.53,2443.64,1248.28,965.68
10.09.2025,863.47,1006.76,827.4,1014.21,852.12,871.51,1327.43,2782.64,2137.95,2078.85,1144.06,718.34,571.53,536.39,636.86,706.89,1402.56,1811.81,2309.5,2094.53,2473.45,2352.45,1365.91,736.78
11.09.2025,1085.34,604.71,830.09,942.45,814.04,872.9,1415.57,2227.92,1978.73,1697.64,655.08,495.05,904.35,623.51,783.67,411.99,1223.58,2530.46,1922.81,2195.47,2745.24,2330.78,1285.16,750.45
12.09.2025,673.93,1005.55,902.35,1107.57,928.73,816.85,1667.34,2100.5,2541.72,2044.76,1062.99,822.18,585.62,887.01,1188.64,445.67,1873.14,1740.04,1980.74,1611.39,2125.96,2606.59,1432.2,973.3
13.09.2025,668.86,596.66,515.79,655.22,654.45,711.74,1408.1,1782.53,1540.46,1698.16,403.29,554.6,423.71,523.57,652.63,667.64,810.53,1842.69,1825.59,1660.87,1555.96,1861.77,1298.0,683.42
14.09.2025,771.6,628.7,755.47,770.27,536.96,632.55,1064.02,1714.62,1821.27,1272.42,540.03,673.22,725.13,529.71,598.82,413.7,1109.98,1626.45,1827.01,1428.81,2016.11,1571.59,1098.75,689.68
15.09.2025,740.51,771.08,839.84,915.08,682.24,893.88,1220.22,2306.84,2038.79,1579.46,3598.0,653.08,681.05,629.2,699.14,762.85,1280.77,2596.75,2497.13,1895.86,2489.0,2152.35,1630.03,882.48
16.09.2025,894.12,873.03,998.63,1020.9,874.61,953.41,1542.33,1885.48,1923.83,1822.21,899.7,625.99,709.45,705.22,414.5,785.05,1305.95,2515.35,2301.27,2028.47,2563.8,2398.05,1662.36,852.98
17.09.2025,1125.19,570.12,967.11,728.56,906.37,950.67,1242.2,2398.45,1987.48,1961.91,711.91,386.02,754.27,636.37,711.46,682.53,1725.75,2167.53,1772.63,2476.17,2314.75,2199.68,1495.29,1016.5
18.09.2025,1099.65,1017.38,962.76,1013.77,905.05,789.05,1241.12,1949.12,1673.55,2178.26,830.23,816.88,811.5,1066.9,984.52,5146.92,1904.07,1696.69,2847.03,1732.82,2067.87,2761.18,1680.19,1025.47
19.09.2025,915.79,745.28,1154.02,614.37,1149.98,646.42,1615.72,1785.2,2359.1,1981.32,921.48,745.0,484.22,512.98,675.71,469.32,1414.88,4569.44,2541.29,2287.98,2469.43,2296.91,1278.22,837.57
20.09.2025,974.93,685.48,483.28,893.6,782.38,624.6,1049.51,1698.26,1330.91,1713.63,462.71,525.6,306.38,444.26,472.02,316.06,1304.68,1945.97,1519.28,1917.59,1737.62,1597.09,1183.61,638.14
21.09.2025,726.19,469.05,800.13,768.87,663.12,621.99,954.28,1928.48,1470.14,1931.46,599.12,435.58,474.3,573.47,577.25,286.31,965.63,1498.41,1481.08,1847.71,1960.74,1897.8,1175.06,751.93
22.09.2025,911.76,876.41,1022.23,959.66,1177.6,1029.21,1578.51,2004.29,1578.39,1886.09,720.17,787.59,789.18,652.0,498.84,434.05,1389.71,1987.92,2314.13,2325.78,2133.51,2440.81,1660.9,855.81
23.09.2025,915.83,944.2,864.52,4694.29,824.45,810.15,1401.99,2132.06,2114.54,2549.17,912.5,591.87,621.97,516.8,711.49,489.53,1698.48,2837.44,1877.68,2172.52,2037.74,1993.62,1386.5,793.18
24.09.2025,858.58,948.65,772.06,958.82,914.14,924.68,1783.38,1811.6,2304.54,2262.26,647.45,696.14,876.56,366.59,773.65,432.7,1490.04,2273.89,1903.91,1684.21,1832.47,2354.75,1376.09,777.37
25.09.2025,877.16,956.9,896.35,804.51,896.91,1229.37,1944.94,2028.76,2087.83,2666.99,625.76,858.09,719.57,596.77,1080.18,598.99,1583.04,2363.77,2861.8,1720.29,2513.0,2324.89,1393.51,963.28
26.09.2025,767.3,902.4,842.8,824.96,1086.89,745.16,1624.05,1942.92,1867.78,2094.68,585.78,718.01,551.78,716.23,905.05,934.51,1293.56,2374.8,2107.01,2125.73,2050.56,2166.84,1383.97,1195.24
27.09.2025,603.34,675.06,624.51,717.35,449.3,659.51,1139.98,1884.82,1861.56,1744.58,551.78,493.34,648.47,760.22,474.42,256.11,1029.07,1902.16,1777.57,1651.47,1730.38,1757.42,1081.98,512.48
28.09.2025,377.78,828.77,613.12,532.69,700.69,749.92,1138.74,1504.46,1727.33,2012.71,658.4,541.91,391.39,493.24,545.99,613.39,1264.73,1900.11,1679.55,1383.78,1594.18,1463.82,1055.12,747.36
29.09.2025,1030.3,969.87,1142.93,860.25,913.11,1013.35,1068.09,2420.1,2425.28,2006.06,611.27,497.47,803.41,1017.29,371.0,687.87,1282.78,2602.66,2668.55,2202.18,4528.52,2342.55,1367.42,786.02
30.09.2025,809.7,962.64,840.77,660.67,873.97,1071.72,1490.28,2091.6,1643.78,2376.13,1047.44,714.06,988.15,781.07,708.15,782.26,1426.73,2090.79,2395.32,3039.7,1871.46,2454.68,1478.36,971.35
01.10.2025,793.56,771.11,598.18,936.97,854.5,1139.98,1886.61,2032.51,1882.41,2412.09,2241.06,1187.82,1583.31,1866.21,1651.26,1683.56,1069.51,1974.86,2333.8,2403.7,2457.97,2737.48,1424.3,816.56
02.10.2025,772.62,795.09,803.7,967.9,730.02,856.13,1588.69,2043.88,2160.7,2030.7,1924.24,1910.93,1417.17,1506.16,1566.49,1621.46,1746.97,2401.2,2299.0,2050.85,2624.06,2032.99,1201.37,945.51
03.10.2025,900.53,868.44,933.36,783.67,950.51,579.03,1218.13,1554.41,1725.19,2812.52,1970.67,1241.38,1304.85,1642.39,1555.51,1306.8,1394.71,1769.72,2486.98,2174.0,2055.81,2176.86,1464.38,1018.38
04.10.2025,767.87,502.04,772.77,629.02,811.64,693.49,1216.51,966.09,1412.13,1800.02,1583.88,909.76,1247.48,1195.25,1253.75,974.54,1132.35,1988.84,1458.12,1888.48,1951.58,1971.84,927.49,642.25
05.10.2025,790.53,736.6,698.75,566.23,808.97,656.62,1130.08,1611.34,1417.59,1153.45,1605.76,748.86,838.9,1000.97,1189.3,1084.06,926.7,2062.63,1956.56,1783.26,1918.73,1893.52,1032.78,735.48
06.10.2025,1012.91,909.77,692.13,679.06,1094.69,811.96,1548.62,2186.06,2299.57,2581.92,1981.31,1429.52,1471.81,1331.25,1258.66,1817.68,1793.79,1985.8,1442.94,2544.88,2457.5,2222.81,1663.34,853.17
07.10.2025,757.01,950.74,852.47,822.42,1027.38,943.29,1337.57,1956.2,2216.95,2186.45,2120.48,1471.85,1286.09,1634.64,1260.75,1544.84,1132.66,1669.37,1898.75,2989.81,2519.35,2150.49,1511.63,907.46
08.10.2025,665.04,873.92,858.09,951.46,745.57,957.5,1577.91,1876.19,1827.55,2029.77,1611.52,1868.89,1355.3,1542.18,1497.65,1751.09,1684.25,1593.86,2419.9,2133.85,2214.06,1751.18,1404.24,995.28
09.10.2025,791.87,972.99,907.32,850.59,835.19,1109.27,1643.01,2218.15,1657.25,2101.1,2158.86,1622.56,1578.84,1729.82,1638.45,1612.32,1372.86,1695.15,2454.84,2188.05,2105.37,2250.24,1464.12,894.1
10.10.2025,959.36,785.77,948.06,1162.77,933.86,856.95,1986.97,1677.93,2537.61,2152.85,2496.51,1777.45,1453.6,1469.13,1933.42,1666.35,1523.64,2372.41,3038.0,2209.85,2538.34,2700.46,1573.28,797.7
11.10.2025,524.9,643.85,483.55,670.27,603.96,697.81,1354.42,1472.5,1291.25,1434.17,1633.62,1041.13,1272.94,1298.98,1190.91,1203.44,943.42,1463.66,1023.5,1492.46,1840.1,1680.31,1202.93,759.28
12.10.2025,629.78,609.35,773.1,814.75,637.98,688.34,1122.1,1728.25,1427.65,1185.77,1933.17,1481.33,1162.62,1184.0,1371.34,1358.79,1445.92,1041.03,1859.7,1383.22,1803.37,1528.23,1175.72,613.54
13.10.2025,1011.33,833.39,1014.34,980.45,872.76,5135.56,1738.6,1686.24,1942.81,2083.8,2469.53,1636.09,1384.82,1949.45,1455.42,1410.63,1215.76,2641.32,1963.92,2356.06,2134.96,2180.55,1371.82,709.74
14.10.2025,948.07,746.64,638.37,930.25,771.98,966.76,1565.01,2134.57,1849.47,1819.03,2436.25,1806.47,3633.78,1404.84,1655.67,1692.77,1447.12,2745.65,2521.11,1779.65,2386.36,2133.32,1395.2,1029.06
15.10.2025,792.65,758.91,1187.67,958.12,1227.42,868.5,1254.78,2194.42,1936.42,1649.48,1856.55,1448.79,1807.15,1784.47,1665.87,1311.36,1454.6,2450.87,2451.39,2054.37,2570.62,2908.64,1324.36,861.58
16.10.2025,981.99,840.22,852.46,915.47,1056.37,1080.73,1267.07,2318.2,2064.46,1961.91,2045.68,1813.88,1138.51,1581.58,1811.07,1866.94,1210.47,1979.43,2140.42,2076.26,1623.87,2350.49,1347.32,817.83
17.10.2025,978.85,647.08,957.89,848.74,972.61,742.32,1587.51,2027.39,2043.37,2134.68,2419.54,1399.33,1753.6,1465.04,1012.37,1302.3,1676.31,2438.15,2613.86,2613.67,2173.14,1703.36,1660.37,1117.34
18.10.2025,551.9,617.37,532.0,648.1,597.62,5421.49,1083.24,1188.42,1513.82,2084.52,1505.49,1078.92,1021.27,1365.71,1105.1,1152.67,1169.36,1962.71,1446.76,1711.16,1811.38,1356.86,1142.97,614.87
19.10.2025,699.73,809.25,641.15,663.4,535.54,698.96,1284.99,1697.01,1451.86,1401.78,1722.12,927.93,1097.16,1083.83,1203.84,994.48,1084.04,1804.03,1527.83,1593.86,1352.1,1855.08,1382.8,765.05
20.10.2025,850.81,770.56,853.42,787.68,921.53,771.43,1750.77,1867.58,1648.5,2230.37,2002.13,1513.49,1505.21,1657.04,1799.78,843.38,1611.68,1746.33,2057.28,1788.44,3055.83,2814.35,1495.52,734.59
21.10.2025,619.45,948.97,976.04,704.74,782.49,1051.97,1627.75,2493.86,2033.12,2064.35,1995.39,3121.38,1607.59,1381.6,1531.27,1248.09,1392.48,2499.98,2691.86,2504.84,2524.56,2525.87,1630.72,872.35
22.10.2025,754.4,1108.26,882.65,1204.64,950.32,939.07,1402.55,2470.74,1709.1,2303.57,2119.58,1282.87,1519.03,1236.17,1629.75,1668.36,1641.55,1893.27,2358.24,2398.11,1742.83,2573.3,1276.3,816.74
23.10.2025,939.38,908.92,1063.61,746.76,844.31,834.23,1310.8,1797.48,1734.83,2127.21,1996.64,1211.27,1437.62,1413.75,1513.5,1332.66,1845.77,2444.65,2031.65,2638.47,2522.25,2505.59,1798.59,848.57
24.10.2025,814.62,856.7,765.02,914.22,827.07,986.7,1876.65,1558.28,2032.81,1786.8,2236.25,1797.61,1874.26,1715.83,1647.04,1550.66,1441.38,1595.41,2023.37,2594.35,2246.5,1511.81,1256.0,1057.84
25.10.2025,717.73,683.55,672.03,637.72,857.04,532.81,659.27,1523.13,1804.09,2007.86,1955.19,1052.45,1084.65,1172.63,1310.22,982.61,1238.55,1890.43,1959.25,1829.26,1973.06,1207.45,1193.8,548.13
26.10.2025,630.7,664.78,801.62,818.86,760.79,662.66,1204.0,1660.3,1813.75,1713.76,1342.91,1004.5,1309.66,1409.27,1056.78,1233.55,808.26,1461.39,1551.78,1519.94,1913.53,1945.63,1249.15,681.36
27.10.2025,864.42,906.66,974.93,732.87,785.68,742.33,1611.37,1986.5,2259.12,2166.44,2701.47,1489.28,1550.39,1265.54,1519.19,1976.66,1539.35,1959.75,2148.17,5384.97,2613.43,2214.14,1113.9,799.18
28.10.2025,813.33,854.97,991.17,766.31,788.19,771.17,1432.22,1917.27,1637.48,2447.7,2231.05,1814.34,1384.92,1500.05,1695.8,1494.61,1067.99,1887.07,2815.98,2251.76,2270.99,2333.03,1372.54,857.2
29.10.2025,1075.29,1008.12,877.05,940.34,642.59,927.37,1666.87,2178.59,2353.32,2616.71,2506.26,1804.71,1657.83,1624.68,1652.53,1810.82,1338.23,1841.62,4859.62,2345.44,2099.7,1423.07,1431.75,859.91
30.10.2025,922.11,859.95,997.77,962.5,770.25,1075.53,1975.86,2914.41,1843.27,1835.75,2446.12,1337.91,1462.41,1059.25,1291.77,5393.91,1410.55,2249.78,1949.75,1880.22,2362.38,2957.99,1340.3,963.54
31.10.2025,776.91,957.16,768.4,993.7,1022.94,873.02,1210.95,2287.33,2332.77,1959.43,1588.65,1053.92,1751.56,1434.33,1652.87,1493.38,1630.11,2532.87,2482.25,2552.92,1745.49,2121.7,1469.38,844.98
01.11.2025,687.28,796.68,637.73,612.59,521.72,691.38,1169.53,1637.97,1470.62,1757.18,1746.85,1016.87,1419.33,845.93,1116.09,1278.61,922.14,1729.89,1838.55,1620.88,1748.49,1685.6,4944.56,537.36
02.11.2025,591.25,727.27,736.06,636.2,745.94,707.65,1017.07,1256.77,1255.84,1956.35,1595.17,1290.36,865.08,1183.72,1089.38,3234.52,1085.67,1434.4,1742.96,1658.57,2236.89,1549.68,764.24,815.0
03.11.2025,854.09,933.4,1024.44,879.92,747.8,1036.89,1274.98,2108.33,2217.87,1924.75,1771.72,1392.13,942.71,1471.55,1730.63,1740.75,1514.25,2136.34,1941.63,2382.32,2348.43,2159.7,1643.11,1088.61
04.11.2025,760.92,946.65,965.71,886.06,980.86,905.3,2025.39,2145.9,2473.61,1858.5,2390.05,1710.68,1368.19,1717.71,1022.45,1558.68,1103.45,3023.24,2281.04,2361.08,2210.97,2183.13,1792.55,1048.57
05.11.2025,1135.63,883.32,1037.15,1123.35,958.82,1125.77,1501.46,1565.88,2189.5,2027.98,1582.7,1416.14,1615.35,1380.25,1150.49,1444.16,1501.06,2057.1,2149.57,2627.08,2467.34,2299.15,1688.6,920.19
06.11.2025,861.48,904.63,911.48,853.55,998.56,3960.04,1478.1,2124.34,1961.92,2368.46,1518.46,1466.67,1556.47,1492.11,1471.21,1534.57,1625.17,2216.36,2147.37,2280.12,1821.59,1709.21,1681.36,1023.29
07.11.2025,1042.22,774.4,769.97,984.97,968.37,1033.02,1526.4,2276.65,2339.99,2304.62,1468.27,1541.91,1448.38,1294.57,1751.39,1516.74,1460.44,2026.05,5968.68,2311.34,2195.32,2193.15,1717.18,1099.58
08.11.2025,833.77,823.22,666.49,867.11,573.93,602.78,1380.44,1864.12,1734.77,1437.0,2179.88,1193.7,1179.62,1394.16,1348.62,1153.93,1122.05,1544.64,2051.92,1987.26,1481.41,1873.38,1012.86,669.91
09.11.2025,667.88,861.62,844.9,579.89,886.18,4588.42,967.65,1249.58,1406.69,2137.05,1759.85,1396.94,1178.75,1103.19,1079.23,1053.64,5222.62,1535.35,1074.32,1307.0,1903.66,1638.31,864.28,673.18
10.11.2025,902.14,885.28,950.64,1179.82,790.8,843.85,1469.63,5970.65,2012.59,2547.89,1755.87,1470.39,1638.04,1124.75,1747.71,1230.42,1786.32,2162.06,2371.22,1976.74,2148.65,2103.32,1536.83,954.44
11.11.2025,900.04,974.92,673.08,1170.1,875.32,697.59,1795.25,2340.87,2518.93,1648.91,2541.61,1382.01,1556.28,1054.0,1562.91,1447.92,1788.47,2186.66,1919.71,2785.37,1897.84,2074.45,1606.14,880.79
12.11.2025,776.6,850.05,967.78,795.81,1110.57,955.65,1477.69,2350.96,2131.86,2366.76,2324.1,1517.63,1469.13,1595.97,1702.38,1013.95,1139.53,2104.35,2582.48,1985.47,2297.57,2231.04,1917.46,1015.95
13.11.2025,888.03,955.85,769.73,843.15,940.52,918.05,1549.01,1639.19,1801.06,2458.12,2317.36,1529.76,1199.88,1336.09,1729.14,1263.64,1441.77,2853.79,2547.44,2235.21,2698.8,2628.28,1480.13,886.22
14.11.2025,917.33,748.33,910.56,583.35,743.63,5516.94,1581.0,1869.52,2182.32,2388.39,2229.9,1530.3,1413.21,1252.22,1425.65,1723.4,1079.15,1942.09,2265.49,2484.21,2199.7,2012.84,1572.78,841.05
15.11.2025,774.78,682.89,743.14,811.94,696.04,622.66,1047.11,1523.35,1672.41,1244.69,1618.48,987.83,1093.9,957.77,700.85,827.29,1294.54,1614.2,1782.71,1765.13,1517.41,1744.99,960.45,781.59
16.11.2025,711.51,836.05,522.46,638.35,703.8,774.39,1145.47,1918.29,1402.05,1847.34,1681.1,1123.98,992.69,1200.62,1266.22,1105.83,1015.4,1825.2,1810.44,1787.23,2124.74,1363.41,1233.18,579.03
17.11.2025,1075.51,807.6,845.74,5040.83,1042.36,714.38,1636.65,1947.69,1649.36,2479.98,2485.95,1724.18,1140.44,1154.8,1439.51,1946.02,1788.85,2170.07,2622.63,1790.29,2009.34,2536.86,1829.79,738.46
18.11.2025,814.09,724.13,947.56,749.09,880.82,776.43,1571.72,2051.53,1690.07,1862.35,1973.34,1786.89,4370.0,1550.75,1263.42,1377.62,1300.78,2634.16,2708.93,2383.0,2319.14,2045.42,4496.97,835.13
19.11.2025,788.13,930.75,877.7,978.96,799.85,904.12,1541.24,1840.28,1869.09,2001.26,2262.47,1874.86,897.82,1354.67,1488.53,1202.6,1325.89,2178.65,2340.64,2104.35,1885.94,2089.44,1792.77,1060.53
20.11.2025,1125.72,812.65,989.67,898.63,1077.47,1029.17,1545.36,1926.51,2086.39,2027.84,1834.01,1406.81,1634.54,1886.27,1774.61,1725.51,1790.88,2504.64,2076.97,2659.12,1818.29,2423.1,1577.05,986.47
21.11.2025,839.97,848.07,675.93,856.77,844.97,934.46,1638.19,2262.99,3133.0,2306.3,2382.09,1449.36,1241.06,1485.44,1414.42,1248.87,1476.99,2531.15,1695.21,1770.34,2220.48,2182.24,1558.94,998.33
22.11.2025,820.66,655.66,735.83,423.25,799.11,753.71,1517.3,1321.84,1707.28,1635.01,1533.31,1181.71,1142.18,1156.9,815.39,876.61,759.22,2010.7,1387.98,1667.12,1833.28,1719.7,1118.12,560.58
23.11.2025,611.03,705.7,608.94,577.61,666.98,790.62,1454.95,1537.14,1945.94,1457.68,1813.43,905.82,1013.03,1058.5,1132.36,1428.18,1118.08,1803.11,1927.95,1307.45,1950.21,1823.66,1302.37,610.35
24.11.2025,975.41,1098.36,1163.48,1135.46,782.51,1247.62,1645.04,1969.22,2226.75,2420.39,1790.02,1371.87,1488.89,1202.22,1491.46,1504.23,1512.98,2383.96,2382.56,1891.02,2472.74,1781.03,1590.47,786.14
25.11.2025,1066.33,958.89,657.04,889.49,965.77,917.21,1246.93,1804.99,2045.92,2067.76,1664.43,1727.67,1451.78,1596.06,1289.94,1701.33,1218.32,2351.36,2729.7,2045.67,2308.58,2698.0,1421.96,906.16
26.11.2025,844.26,813.28,1025.94,659.8,773.88,932.57,1284.31,2091.05,2224.03,2130.38,2213.56,1804.48,1705.22,1491.81,1317.3,5963.78,1595.76,1967.45,2452.73,2432.95,1927.58,2498.32,1343.69,893.19
27.11.2025,755.26,813.27,667.37,805.43,776.98,704.24,1543.21,1678.47,2239.49,2755.49,1603.12,1875.75,1594.86,1348.88,1481.96,1532.39,1321.79,2490.48,2312.62,1939.46,1451.82,2433.3,1663.46,793.53
28.11.2025,1086.67,823.43,1059.19,916.51,1062.74,753.68,1674.07,2199.12,1817.57,2903.77,2355.82,1509.48,1646.37,1505.33,1697.03,1764.27,1200.1,2396.21,2164.95,2283.65,2129.19,2075.04,1439.82,1042.78
29.11.2025,496.07,757.21,583.36,618.57,687.02,797.28,767.24,1400.5,1399.14,1665.87,1615.19,1169.25,1214.8,1173.1,1080.85,919.34,1075.78,1206.43,1626.16,1505.2,2014.13,1481.62,839.51,592.68
30.11.2025,791.17,717.99,827.29,697.08,734.42,571.74,964.83,1968.69,1742.33,1632.49,1673.57,1148.55,934.11,957.86,1036.09,1350.44,880.5,1277.32,1596.74,1332.84,1506.51,1116.73,1183.64,642.22
01.12.2025,1056.49,1280.76,1352.82,1054.32,1223.31,889.14,1715.82,3329.15,2768.48,3130.23,3092.26,1996.71,1622.54,1842.72,1745.96,1508.34,1554.42,3631.0,3013.5,3248.54,2843.36,2527.5,1369.33,1076.26
02.12.2025,1148.26,928.94,1165.75,1151.81,1271.55,5047.58,1724.91,2678.57,3132.62,2922.84,3172.84,1740.37,2244.01,2065.38,1535.43,2028.76,2011.19,2879.48,2425.58,2307.65,3059.58,2102.48,1906.16,1190.35
03.12.2025,757.04,1189.59,1144.25,1071.83,1023.01,1189.47,2064.38,2796.93,2426.14,2450.6,2696.63,2117.0,1710.83,1606.83,2269.2,1796.36,2350.15,2026.58,2616.02,2855.95,3004.08,1502.39,1445.71,730.66
04.12.2025,1242.82,1076.36,1016.72,1281.73,1199.37,1042.0,1589.96,2650.22,2450.94,3384.24,2402.55,1841.44,2116.27,1811.75,1978.88,1435.12,1514.54,2603.47,2936.08,2741.95,2492.71,2884.75,1835.8,1373.34
05.12.2025,1133.33,1160.93,971.3,988.51,1105.67,1070.42,2040.8,2571.36,2600.9,2403.16,3027.36,1847.33,2011.05,1483.84,1611.64,2078.62,1460.51,2751.59,2434.48,2855.4,3976.73,2184.23,2075.76,991.95
06.12.2025,802.61,836.44,662.74,862.6,1177.43,937.08,1369.15,2441.09,2082.33,1895.92,1818.36,1470.4,1315.88,1233.71,1562.05,1610.57,1624.34,1626.24,1750.78,2299.29,2031.85,1851.8,1943.13,597.06
07.12.2025,1126.29,963.63,857.23,588.48,673.0,771.05,1191.98,1913.07,1719.5,2297.43,1623.74,1524.16,1438.52,1318.07,1526.51,1652.89,1493.42,2271.88,1858.68,1479.28,2112.3,2107.99,1493.55,902.37
08.12.2025,1308.93,1109.16,1171.8,1016.27,1059.77,1139.71,2027.4,2839.95,1964.92,2753.64,2757.07,2183.89,2554.81,2161.13,1674.16,1769.97,1914.21,2903.62,2517.45,2249.93,2790.14,2798.47,1939.15,1160.24
09.12.2025,1448.47,1006.32,1127.96,945.03,1301.35,1004.52,1641.32,2611.24,2523.51,2525.86,2847.33,1854.55,2064.24,1927.08,1962.89,1798.58,1688.37,2747.4,2736.74,2843.32,3246.45,3315.7,2749.56,1124.8
10.12.2025,1381.96,1060.06,1015.16,1394.43,1306.16,1187.66,1643.95,2747.23,3075.69,3188.62,2623.0,2418.3,1968.87,1615.49,1809.71,1611.01,1672.36,2824.51,2868.14,2872.07,2131.87,2252.64,2308.32,1288.27
11.12.2025,1065.96,1058.43,1161.28,1111.82,1144.14,1336.51,2076.36,2657.39,2576.34,2352.12,2146.53,1888.93,1444.14,1620.03,1809.13,1698.75,1477.95,2851.41,3491.22,2751.04,2626.05,2968.91,1662.53,959.3
12.12.2025,1183.37,1019.4,1116.91,1211.35,1282.95,1444.2,1951.78,3226.55,2751.43,2345.81,2769.27,1810.56,1335.3,1732.72,1821.58,1175.76,2111.58,2955.78,2493.75,2667.18,2669.22,2669.21,1993.32,906.75
13.12.2025,835.58,919.06,929.17,779.98,816.23,933.05,1564.63,2314.71,1885.02,1542.9,2169.0,1472.61,1258.92,1196.45,1309.9,1214.57,1592.05,2256.49,2203.95,2458.01,2577.07,1715.09,1560.51,812.69
14.12.2025,4351.77,715.49,1008.9,853.01,730.57,828.35,1169.1,5085.14,1725.44,1584.87,2378.61,1490.93,1515.5,1303.44,1244.68,1885.6,1431.79,2010.75,2153.02,2867.48,2034.06,2504.23,1612.79,855.29
15.12.2025,1339.71,1302.96,1062.65,1126.68,1275.34,947.42,1527.08,2405.13,3132.3,3054.8,2570.06,1601.16,1693.64,1744.5,1465.6,1709.58,1764.02,2608.23,2404.82,2527.61,3331.08,2952.13,2234.94,781.37
16.12.2025,1118.91,1183.87,1120.04,960.11,1389.27,1285.64,2083.79,2727.9,1943.54,3372.75,2425.29,1716.58,1898.06,1636.88,1735.51,2100.9,1814.23,2911.62,3056.95,2641.51,2943.56,2330.6,1788.92,1466.92
17.12.2025,1114.71,1010.57,1038.18,951.72,1527.79,1307.47,1820.54,2577.65,2614.05,1887.47,2852.87,2080.29,2432.56,2110.58,2048.54,2380.74,1778.59,2943.7,2171.52,2810.37,3005.99,2648.46,1951.67,1021.61
18.12.2025,1613.59,1210.92,1228.73,933.67,1077.17,1051.79,2003.32,2609.65,2439.36,2354.05,3062.9,2408.07,1795.42,2330.56,2425.45,2202.14,1293.9,2593.82,2111.28,3196.99,3547.79,2865.0,1759.45,902.75
19.12.2025,1293.49,1328.93,974.16,4106.7,980.03,1150.49,1988.71,2897.65,2446.45,3001.35,2260.78,2188.26,1957.93,1775.06,1499.95,1874.42,1555.96,2961.65,2887.23,2984.93,2837.46,2648.8,1947.14,1115.59
20.12.2025,733.32,791.7,683.75,833.36,1158.4,919.57,1262.98,1697.31,1628.44,2228.22,1665.66,1562.96,1026.21,1867.84,1752.84,1751.56,1394.02,2171.33,2664.53,2330.69,2141.43,2346.73,1346.71,1024.6
21.12.2025,886.74,885.95,651.02,905.24,813.26,696.94,1412.35,1788.88,1853.6,2184.78,1989.59,1616.28,1319.37,1328.46,1157.88,1570.01,1658.31,1883.33,2108.51,2097.56,2598.76,1825.47,1304.47,867.31
22.12.2025,1119.04,1487.59,1111.28,1236.36,933.66,1106.71,2305.95,2449.78,3295.55,2274.43,2414.45,1688.97,1962.9,1882.61,1877.05,1844.96,2336.79,3224.3,3290.39,2784.78,2053.21,2663.01,1669.0,1221.99
23.12.2025,880.21,1060.21,1220.38,1209.0,1157.11,1029.08,1878.06,1777.2,3019.74,2698.94,3116.42,1705.44,2119.85,2157.63,2031.3,2134.78,2029.41,2159.37,2627.67,3321.76,3078.15,2831.98,1670.34,1116.4
24.12.2025,852.39,1108.44,1027.27,1348.52,1347.59,1200.89,1255.09,2804.59,2238.52,2820.02,2464.41,1785.31,1988.31,1695.63,2248.1,2013.65,2257.38,3092.57,3580.38,2650.69,2737.89,3097.44,4316.39,1125.33
25.12.2025,1029.21,1086.41,1059.54,1161.02,976.54,1239.33,1877.95,2326.28,3046.17,2573.44,2043.56,1972.62,2229.59,1494.29,1702.6,1602.05,1587.43,2712.99,2640.93,3308.82,5555.98,2632.36,2290.41,1395.58
26.12.2025,1227.02,1267.88,1268.85,1149.7,1374.91,1086.21,1863.13,3009.99,3030.81,3072.05,2048.33,1384.92,1643.23,2516.35,1727.5,2805.21,2388.02,3433.25,2758.91,2927.08,2731.98,2682.93,1689.36,1141.36
27.12.2025,783.74,942.28,896.03,1018.43,591.19,948.18,1401.16,2163.1,2209.14,1916.07,2405.89,1639.62,1667.11,1246.42,1579.08,1294.1,1308.3,2296.85,1666.99,2213.66,2701.02,2238.95,1322.24,1119.67
28.12.2025,851.59,830.25,861.3,717.7,1081.17,1127.08,1609.92,1148.89,1799.93,2007.2,1551.99,1205.38,1555.16,1514.17,1484.1,1330.42,1364.89,1447.93,1984.8,1823.25,2121.45,1490.05,1546.3,815.8
29.12.2025,834.63,1101.56,1179.11,1004.52,996.61,1026.99,2119.06,2624.88,2154.04,2427.81,2750.99,1934.68,1811.28,1762.36,1571.6,1623.41,2029.94,3193.27,2823.28,2696.53,3449.55,2513.82,1851.34,1376.52
30.12.2025,1010.46,1328.98,1109.05,821.7,1131.79,1387.19,2567.44,2441.03,3398.1,2384.85,2251.15,1712.01,2414.44,2280.04,1600.18,1951.07,1386.7,2148.66,3670.26,2838.76,3308.02,3269.04,1991.48,1046.56
31.12.2025,1067.18,1058.6,1244.61,1357.99,1065.52,1150.53,1824.89,2835.12,2243.75,2429.13,2317.62,2412.06,2025.32,2011.81,1785.84,1654.89,2003.69,3493.86,2403.33,2648.23,3484.93,2406.21,2314.84,1239.58
